Hospital_ID,Hospital_Name,Address,City,State,Zip_Code,Bed_Count,Hospital_Type,Rating,Accreditation,Phone
HOSP00001,City Health Clinic,6044 Hill St,New York,,37870,86,Psychiatric,1.2,joint commission,(526) 775-1533
HOSP00002,City Health Clinic,5454 Lake St,New York,MA,66771,692,Trauma Center,2.8,joint commission,(691) 605-1601
HOSP00003,REGIONAL MEDICAL CENTER,7767 Hill Ave,Los Angeles,PA ,78945,395,Rehabilitation,3.9,DNV,(943) 981-7649
HOSP00004,CITY HEALTH CLINIC,2754 Park St,Houston,NC,50735,635,Teaching,2.4,Joint Commission,(869) 862-4167
HOSP00005,Lakeside Health,3720 Main St,New York,TX,65783,669,Teaching,1.6,JCI,(920) 783-9019
HOSP00006,Community Hospital,750 Park Ave,Dallas,NJ,70026,94,Teaching,3.5,CARF,
HOSP00007,,2746 Main St,Dallas,NC,83402,671,Trauma Center,2.8,CARF,(915) 561-2818
HOSP00008,Mercy Hospital,8958 Hill Ave,Chicago,NC,49971,142,Teaching,3.1,joint commission,(465) 675-1288
HOSP00009,Valley View Hospital,6680 Lake St,,FL,33773,81,Rehabilitation,,DNV,(572) 766-1474
HOSP00010,,2973 Elm Ave,Houston,IL,68869,1027,,1.2,,(360) 588-4460
HOSP00011,Lakeside Health,2453 Lake St,Dallas,TX,85273,914,Psychiatric,3.6,CARF,(265) 999-6200
HOSP00012,General Hospital,8993 Lake St,Dallas,CA,79339,1158,,1.9,,(422) 872-7750
HOSP00013,General Hospital,9450 Oak Ave,New York,MA,82038,69,,4.2,joint commission,(536) 767-3881
HOSP00014,Valley View Hospital,9731 Lake St,Los Angeles,VA ,99340,386,Psychiatric,3.8,DNV,(547) 546-8760
HOSP00015,Sunrise Medical,7815 Park Ave,Phoenix,WA ,72950,88,Psychiatric,4.6,CARF,(575) 797-9244
HOSP00016,General Hospital,4614 Oak Ave,Chicago,,58282,861,Specialty,,DNV,(434) 538-1911
HOSP00017,Regional Medical Center,2155 Oak Ave,Dallas,AZ,31056,99,Community,2.5,,(719) 520-8765
HOSP00018,Metro Medical Center,9264 Lake Ave,Phoenix,GA,57714,382,Rehabilitation,3.0,JCI ,(230) 448-9700
HOSP00019,Community Hospital,1588 Hill St,Phoenix,GA,78713,260,Specialty,4.5,None,(882) 545-2810
HOSP00020,Mercy Hospital,5856 Lake St,Dallas,MA,40438,714,Teaching,1.1,None,(857) 724-1407
HOSP00021,Metro Medical Center,4968 Lake St,Houston,PA,83226,409,Teaching,4.8,None,(777) 824-4130
HOSP00022,Community Hospital,2854 Hill St,Los Angeles,NJ,19645,866,Psychiatric,4.7,,(276) 533-3127
HOSP00023,Regional Medical Center,9441 Main Ave,Houston,NY,29155,723,Rehabilitation,4.5,None,(496) 870-5137
HOSP00024,Regional Medical Center ,1999 Main St,Chicago,NC,33464,693,Psychiatric,1.0,JCI,(549) 763-1646
HOSP00025,Mercy Hospital,7624 Oak Ave,Chicago,OH,18056,176,Rehabilitation,1.2,,
HOSP00026,Sunrise Medical,9114 Main St,Phoenix,FL,36439,744,General,4.9,Joint Commission,(992) 295-3525
HOSP00027,St. Mary Medical Center,4809 Main Ave,Chicago,AZ,95046,180,Rehabilitation,3.3,CARF,(281) 293-7447
HOSP00028,Lakeside Health,7815 Park St,Dallas,GA,42541,645,Specialty,1.4,Joint Commission,(438) 763-9402
HOSP00029,General Hospital,8292 Park St,Dallas,VA,69022,168,Rehabilitation,1.5,DNV ,(898) 415-8311
HOSP00030,Mercy Hospital,2951 Lake St,Phoenix ,,71024,58,General,1.2,joint commission,(814) 882-2477
HOSP00031,Valley View Hospital,4162 Elm Ave,Chicago,GA,11964,261,Teaching,3.6,,(316) 938-2575
HOSP00032,Regional Medical Center,1901 Oak Ave,Phoenix,FL,52502,397,General,2.4,JCI,(623) 593-8058
HOSP00033,Valley View Hospital,2012 Lake St,Phoenix,NC,90358,699,Community,4.7,CARF,(668) 880-4425
HOSP00034,St. Mary Medical Center,8548 Oak St,Phoenix,MI,11741,753,Trauma Center,2.0,CARF,(227) 833-8722
HOSP00035,St. Mary Medical Center,1029 Hill St,New York,IL,24312,862,Community,3.7,,(328) 518-2466
HOSP00036,St. Mary Medical Center ,7252 Elm St,Houston ,GA,66942,835,Trauma Center,4.4,,(933) 102-4999
HOSP00037,General Hospital,1460 Elm Ave,Dallas,MA,25844,346,General,4.6,,(497) 501-8083
HOSP00038,St. Mary Medical Center,3987 Park Ave,New York,PA,67230,,Teaching,4.2,None,(244) 535-5933
HOSP00039,LAKESIDE HEALTH,4684 Elm Ave,Phoenix,VA,19783,331,Psychiatric,2.2,DNV,(584) 651-5649
HOSP00040,Community Hospital,4125 Park Ave,Houston,,,1009,Specialty,2.1,JCI,(887) 931-6325
HOSP00041,Regional Medical Center,8628 Lake Ave,Houston,NC,81123,,Rehabilitation,1.2, ,(436) 274-6883
HOSP00042,City Health Clinic,4343 Elm St,Phoenix,MA,97703,233,Teaching,2.9,DNV,(655) 457-2516
HOSP00043,Sunrise Medical,9938 Elm Ave,Chicago,CA,91794,333,Teaching,1.6,JCI,(586) 350-7324
HOSP00044,Community Hospital ,177 Elm Ave,Phoenix,IL,17075,796,Specialty,4.2,DNV,(678) 635-4140
HOSP00045,Lakeside Health,6653 Park Ave,Phoenix,PA,56020,1038,Trauma Center,2.3,JCI,(925) 621-5815
HOSP00046,,7746 Main St,Los Angeles,NJ,19061,628,Trauma Center,2.8,joint commission,(920) 133-7664
HOSP00047,,6644 Oak Ave,New York,FL,15281,883,Specialty,1.1,None,(539) 781-3256
HOSP00048,St. Mary Medical Center,7993 Elm Ave,Chicago,IL,67236,537,Community,1.7,,(973) 153-8450
HOSP00049,Metro Medical Center,3039 Lake Ave,Houston,CA,36955,829,General,3.1,DNV,(656) 336-6280
HOSP00050,Community Hospital,9059 Oak Ave,New York,CA,69304,1091,Trauma Center,1.6,CARF,(949) 183-7157
HOSP00051,Lakeside Health,6663 Park St,Los Angeles,TX,60491,587,Community,4.4,CARF,(862) 657-7157
HOSP00052,Metro Medical Center,5614 Lake Ave,Los Angeles,AZ,28908,206,General,4.3,,(824) 277-5213
HOSP00053,Lakeside Health,2997 Lake Ave,New York,WA,75295,,Specialty,4.6,CARF,(214) 502-2567
HOSP00054,Mercy Hospital,4413 Lake St,Chicago,AZ,36723,328,Psychiatric,3.2,DNV,(417) 268-7777
HOSP00055,Lakeside Health,5336 Park St,Los Angeles,GA,69077,372,Teaching,1.8,,(293) 301-3402
HOSP00056,City Health Clinic,3981 Hill Ave,,VA,10107,593,General,1.6,CARF,(535) 582-8908
HOSP00057,Mercy Hospital,59 Lake Ave,Phoenix,NC,27454,626,Community,1.7,DNV ,(307) 431-5138
HOSP00058,Regional Medical Center ,7045 Lake Ave,New York,GA,21613,1190,Teaching,3.5,CARF,
HOSP00059,City Health Clinic,3823 Elm St,Houston,OH,41343,1171,Psychiatric,4.0,joint commission,(320) 637-5140
HOSP00060,Mercy Hospital,7251 Hill Ave,,IL,,487,General,2.0,Joint Commission,(866) 528-4325
HOSP00061,Valley View Hospital,3125 Main Ave,Phoenix,AZ,94350,827,,3.6,JCI,(768) 872-4752
HOSP00062,General Hospital,6153 Oak Ave,Los Angeles,IL,53690,1040,Teaching,4.5,DNV,(494) 393-5930
HOSP00063,Regional Medical Center,4289 Park Ave,New York,OH,71469,73,,,DNV,(563) 716-5657
HOSP00064,General Hospital ,9508 Elm St,Dallas,TX,61459,366,,1.9,JCI,(513) 415-2160
HOSP00065,General Hospital,3323 Oak St,Los Angeles,VA,81981,249,Psychiatric ,1.8,CARF,(669) 465-3137
HOSP00066,General Hospital,2411 Park Ave,Houston,NY,36446,922,Trauma Center,2.6,JCI,(338) 948-8818
HOSP00067,Valley View Hospital,449 Main St,Los Angeles,GA,58619,441,General,4.8,CARF,(479) 935-4848
HOSP00068,General Hospital,237 Main St,Houston,MI,12899,974,Psychiatric,4.0,Joint Commission,(873) 140-5307
HOSP00069,St. Mary Medical Center,375 Park St,Phoenix,GA,88198,171,Community,4.4,,(305) 420-8723
HOSP00070,City Health Clinic,1354 Oak Ave,,OH,49475,733,Rehabilitation,2.8,CARF,(793) 496-3310
HOSP00071,St. Mary Medical Center,7028 Hill St,New York,VA,28032,664,Community ,3.1,,(331) 504-1588
HOSP00072,Valley View Hospital,5281 Oak St,Chicago,MI,96119,1057,Rehabilitation,4.3,JCI,(275) 442-9745
HOSP00073,Regional Medical Center,229 Lake St,Phoenix,TX,85875,678,Rehabilitation,4.9,JCI,(505) 482-2447
HOSP00074,Mercy Hospital,9592 Elm Ave,New York,TX,53554,,Trauma Center,3.5,joint commission,(908) 387-7588
HOSP00075,GENERAL HOSPITAL,802 Elm Ave,New York,GA,94471,278,Trauma Center,2.7,None,
HOSP00076,Regional Medical Center,7843 Park Ave,New York,CA ,,616,Trauma Center,3.3,None,(966) 713-7419
HOSP00077,Metro Medical Center,4660 Lake Ave,Houston,NJ ,73294,1060,Rehabilitation,5.0,,
HOSP00078,LAKESIDE HEALTH,8975 Main St,Los Angeles,PA,52464,905,Psychiatric,4.2,Joint Commission,(660) 117-1502
HOSP00079,Community Hospital,3516 Lake Ave,Houston,NJ,45325,396,Specialty,3.8,CARF,
HOSP00080,Regional Medical Center,7724 Elm St,New York,WA ,14523,762,Specialty,2.5,None,(231) 779-6624
HOSP00081,General Hospital,9371 Hill Ave,Chicago,OH,34207,172,Psychiatric,4.1,CARF,(505) 328-8781
HOSP00082,Mercy Hospital,5588 Oak St,,MI,73703,,Teaching,4.0,None,(354) 746-8025
HOSP00083,Community Hospital,2718 Elm Ave,Houston,TX,28918,942,Trauma Center,4.2,Joint Commission,(854) 273-4435
HOSP00084,City Health Clinic,1420 Oak Ave,Dallas,NY,39347,375,Trauma Center,4.7,,(925) 295-9929
HOSP00085,St. Mary Medical Center,9538 Main St,Phoenix,VA,98674,703,Trauma Center,3.5,CARF,(408) 251-5422
HOSP00086,Mercy Hospital,8067 Main Ave,New York,NY,70437,626,General,4.1,CARF,(782) 821-2709
HOSP00087,Mercy Hospital,8906 Lake St,Chicago,OH,88339,835,Specialty,2.7,,(993) 688-9946
HOSP00088,Metro Medical Center,4423 Elm St,Los Angeles,NC,75784,,Trauma Center,n/a,joint commission,(895) 478-5257
HOSP00089,Lakeside Health,4172 Lake St,New York,TX,17445,169,Rehabilitation,2.3,None,(399) 463-1952
HOSP00090,Valley View Hospital,8820 Main Ave,Dallas,OH,59962,,Teaching,4.8,joint commission,(318) 868-5521
HOSP00091,Mercy Hospital,9265 Hill St,Houston,NY,90639,381,Specialty,4.7,JCI,(218) 237-4968
HOSP00092,General Hospital,6235 Park St,Dallas,IL,25874,1199,Community,2.6,None,(493) 925-3988
HOSP00093,Sunrise Medical,451 Elm St,Dallas,MA,82425,585,Teaching,3.7,CARF,(351) 771-6252
HOSP00094,Lakeside Health,2171 Elm Ave,Phoenix,VA,86358,1011,Community,3.9,CARF,(402) 829-4018
HOSP00095,Sunrise Medical,7694 Elm St,Phoenix,MI,34903,,General,3.9,DNV,(603) 142-4252
HOSP00096,Lakeside Health,7371 Elm St,Houston,OH,18241,1082,Specialty,1.6,,(372) 265-8376
HOSP00097,General Hospital,6811 Hill St,Phoenix,FL,50088,819,Trauma Center,1.3,,(975) 482-6618
HOSP00098,City Health Clinic,9865 Park Ave,New York,MI,40104,860,General,4.8,joint commission,(467) 598-2806
HOSP00099,Community Hospital,5780 Elm St,Dallas,GA,76260,275,Teaching,1.8,,
HOSP00100,City Health Clinic,7622 Hill St,New York,NC,23361,582,,4.0,,(284) 510-2235
HOSP00101,Metro Medical Center,9921 Park Ave,New York,IL,27785,364,Community,n/a,DNV,(570) 257-3151
HOSP00102,General Hospital,9259 Hill St,Phoenix,,98499,731,Psychiatric,,,(972) 317-4180
HOSP00103,Regional Medical Center,1728 Elm Ave,Phoenix,WA,18885,1047,General,2.6,,(286) 468-1565
HOSP00104,,7645 Lake St,Houston,GA,61843,688,Trauma Center,N/A,Joint Commission,(262) 140-8663
HOSP00105,Valley View Hospital,202 Park St,Houston,NC,30548,83,Trauma Center,3.0,,(849) 945-1877
HOSP00106,Community Hospital,7866 Elm Ave,Houston,,23341,403,Psychiatric,3.2,,(423) 652-4653
HOSP00107,Mercy Hospital,1856 Elm Ave,Chicago,NY,93687,300,Trauma Center,3.0,DNV,(346) 993-8937
HOSP00108,Lakeside Health,7448 Hill Ave,New York,NY,21413,1178,Specialty,3.4,Joint Commission,(314) 688-3730
HOSP00109,City Health Clinic,6412 Elm Ave,Dallas,OH,32162,200,Community,,,(809) 809-3910
HOSP00110,,2976 Park Ave,Dallas,NY,32077,531,Specialty,,JCI,(978) 478-9967
HOSP00111,Metro Medical Center,4065 Park Ave,Dallas,WA,65445,255,Community,4.2,None,(761) 807-2333
HOSP00112,Regional Medical Center,1411 Elm St,Phoenix,NJ,19742,373,Community,4.5,None,(584) 318-5865
HOSP00113,St. Mary Medical Center ,9778 Elm St,Phoenix,MI,67638,1012,Psychiatric,1.8,None,(658) 176-2218
HOSP00114,Metro Medical Center,3591 Hill St,Dallas,TX,22265,345,Teaching,2.2,,(628) 255-9406
HOSP00115,General Hospital,7087 Hill Ave,Houston,WA,32963,692,Specialty,1.8,None,(542) 324-7496
HOSP00116,Regional Medical Center,8182 Main St,Chicago,MA,83270,661,Teaching,4.1,Joint Commission,(334) 223-7935
HOSP00117,St. Mary Medical Center,858 Main St,Dallas,CA,45698,424,Specialty,1.8,CARF,(811) 543-3073
HOSP00118,Valley View Hospital,2690 Main Ave,Chicago,,29848,130,,4.0,joint commission,(471) 556-2588
HOSP00119,St. Mary Medical Center,9181 Elm St,Dallas ,WA,46344,111,Teaching ,1.8,JCI,(427) 888-9149
HOSP00120,Valley View Hospital,2715 Lake Ave,New York,FL,58023,1133,General,4.7,None,
HOSP00121,Sunrise Medical,5477 Main Ave,Dallas,NY,,872,Teaching,2.8,CARF,(992) 577-1295
HOSP00122,St. Mary Medical Center,1635 Park Ave,Houston,,92128,339,Trauma Center,1.7,DNV,(284) 671-6142
HOSP00123,Metro Medical Center,5437 Elm Ave,Phoenix,IL,37636,120,Specialty,1.3,JCI,(887) 210-3370
HOSP00124,Regional Medical Center,4216 Oak St,,GA,33315,999,Specialty,4.6,DNV,(244) 289-9309
HOSP00125,Valley View Hospital,6712 Main Ave,Dallas,MI,12559,94,,2.0,None,(337) 308-3114
HOSP00126,City Health Clinic,7258 Oak St,Houston,MI,27128,1199,Psychiatric,4.2,None,(857) 812-4806
HOSP00127,,1582 Hill Ave,Los Angeles,NY,18643,754,Community,4.0,Joint Commission ,
HOSP00128,Regional Medical Center,380 Oak St,Houston,FL ,27760,359,General,4.3,DNV,(421) 643-5477
HOSP00129,General Hospital,1713 Lake St,Chicago,VA,96914,250,Rehabilitation,1.9,,(760) 276-7567
HOSP00130,General Hospital,9914 Hill Ave,Houston ,TX,39653,597,Teaching,2.6,JCI,(841) 407-5623
HOSP00131,City Health Clinic,326 Hill Ave,,FL,89879,373,Teaching,3.2,Joint Commission,(300) 772-1407
HOSP00132,St. Mary Medical Center,5034 Hill Ave,Dallas,MI,95826,1125,Psychiatric ,n/a,joint commission,(700) 699-1202
HOSP00133,Community Hospital ,7199 Park Ave,New York,MA,,80,General,3.3,Joint Commission,(713) 434-2801
HOSP00134,Regional Medical Center,2155 Hill St,Chicago,NJ,87589,629,Rehabilitation,2.9,joint commission,(210) 716-1817
HOSP00135,Lakeside Health,1395 Lake St,New York,MA,39327,1045,Community,2.8,JCI,(902) 408-7827
HOSP00136,Community Hospital,7777 Main St,Dallas,GA,46812,363,General,1.4,Joint Commission,(747) 413-7536
HOSP00137,,4453 Hill Ave,New York,AZ,79732,80,General,2.5,joint commission,(307) 701-4009
HOSP00138,,9989 Hill Ave,New York,NC,36612,51,Teaching,1.4,Joint Commission,(881) 413-1963
HOSP00139,Lakeside Health,1282 Park Ave,Chicago,TX,52524,862,Psychiatric,2.5,DNV,(794) 542-7304
HOSP00140,Community Hospital,2459 Main St,Dallas,IL,76266,986,General,1.1,DNV,(765) 808-9750
HOSP00141,Metro Medical Center,3776 Oak St,Phoenix,MA,63486,,Community,1.3,joint commission,(722) 127-3618
HOSP00142,General Hospital,2882 Hill St,Houston,OH,21915,278,Community,1.9,JCI,(214) 119-3765
HOSP00143,Metro Medical Center,514 Main St,New York,TX,63996,1121,Rehabilitation,4.2,JCI,(510) 266-1660
HOSP00144,Lakeside Health,5285 Main Ave,Phoenix,IL,13866,1038,General,,,(225) 705-2117
HOSP00145,,4869 Elm Ave,,,53573,691,General,1.8,,(667) 485-5548
HOSP00146,Mercy Hospital,8084 Elm Ave,Houston,OH ,47463,181,Teaching,1.4,DNV,(746) 749-4557
HOSP00147,Sunrise Medical,8324 Elm St,Chicago,NJ,35176,1025,Psychiatric ,4.8,DNV,(283) 998-4660
HOSP00148,Sunrise Medical,6959 Elm Ave,,GA,11506,1124,Psychiatric,4.9,joint commission,(675) 406-6052
HOSP00149,St. Mary Medical Center,1317 Main St,Phoenix,WA,24262,462,Specialty,3.6,,
HOSP00150,St. Mary Medical Center,6058 Park Ave,Los Angeles,,32394,160,Teaching,3.2,,(380) 744-6918
HOSP00151,Regional Medical Center,9000 Elm St,New York,,72299,635,Rehabilitation,2.2,JCI,(540) 303-8727
HOSP00152,Mercy Hospital,6194 Park Ave,Phoenix,NC,10696,535,General,1.8,None,(954) 258-9024
HOSP00153,General Hospital,9649 Oak Ave,Dallas,VA,96603,381,Specialty,3.7,,(971) 752-2454
HOSP00154,Regional Medical Center,7080 Elm Ave,Dallas,NJ,24556,130,Psychiatric,2.3,Joint Commission,(709) 931-7535
HOSP00155,Sunrise Medical,2659 Lake Ave,Phoenix,NC,76296,163,Rehabilitation,2.7,,(622) 270-2278
HOSP00156,Metro Medical Center,1066 Main Ave,Houston,MA,57694,614,Trauma Center,3.1,DNV,(561) 619-5939
HOSP00157,General Hospital,4474 Park St,Los Angeles,NJ ,55494,682,Teaching,2.7,CARF,(333) 233-1169
HOSP00158,City Health Clinic,7862 Hill Ave,New York,PA,30295,390,General,,joint commission,(544) 752-9231
HOSP00159,Mercy Hospital,6558 Main St,Phoenix,FL,68349,838,Community,4.8,DNV ,(815) 560-9555
HOSP00160,General Hospital,5859 Elm St,Phoenix,MA,60738,911,Specialty,3.3,,(930) 716-4617
HOSP00161,Metro Medical Center,9956 Lake Ave,Dallas,PA,82938,503,Rehabilitation,4.1,DNV,(370) 643-6093
HOSP00162,,6849 Oak St,Los Angeles,AZ,38944,382,General,2.1,None ,(358) 974-5756
HOSP00163,Valley View Hospital,7830 Oak St,,MI,44386,399,Trauma Center,2.8,JCI,(290) 822-9250
HOSP00164,SUNRISE MEDICAL,7422 Park St,Dallas,VA ,84867,924,Specialty,4.0,Joint Commission,(724) 473-1563
HOSP00165,Lakeside Health,4529 Lake Ave,Dallas,NC,53963,194,,4.9,JCI,(545) 844-9142
HOSP00166,Sunrise Medical,8943 Park Ave,Phoenix,,28106,615,Teaching,4.4,joint commission,
HOSP00167,General Hospital,2572 Park St,Houston,NC,41856,446,Community,3.3,,(539) 476-5230
HOSP00168,City Health Clinic,9807 Elm Ave,Chicago,CA,92943,253,Specialty,4.6,DNV,
HOSP00169,Lakeside Health,8951 Main Ave,Phoenix,WA,,431,Psychiatric,1.8,DNV,(847) 553-6941
HOSP00170,Sunrise Medical,3955 Lake St,Dallas ,MA,86716,530,Rehabilitation,4.7,CARF,(911) 604-8069
HOSP00171,General Hospital,7587 Hill Ave,Chicago,NJ,20343,1088,General,4.3,Joint Commission,(337) 812-5727
HOSP00172,City Health Clinic,359 Hill St,Los Angeles,NJ,26468,497,Community,N/A,DNV,(248) 890-1581
HOSP00173,MERCY HOSPITAL ,3176 Oak Ave,Los Angeles,,15496,160,Specialty,3.2,joint commission,(342) 919-1284
HOSP00174,Lakeside Health,1494 Lake Ave,Houston,GA,73848,557,,5.0,joint commission,(860) 171-1941
HOSP00175,Community Hospital,7667 Elm Ave,Los Angeles,,40077,1076,Trauma Center,1.4,,(838) 574-3860
HOSP00176,Sunrise Medical,1845 Hill St,Dallas,IL,11211,811,Specialty,2.7,Joint Commission,(758) 394-3689
HOSP00177,Community Hospital,6114 Elm Ave,Chicago,IL,98060,389,Community,1.3,,(879) 340-4873
HOSP00178,Mercy Hospital,3267 Hill Ave,Los Angeles,FL,79476,656,Trauma Center,4.9,Joint Commission,(940) 100-5005
HOSP00179,,2473 Main Ave,New York,MI,59942,703,Teaching,4.3,CARF,(598) 582-5129
HOSP00180,St. Mary Medical Center,9799 Park St,Chicago,GA,60872,340,Psychiatric,4.7,None,(786) 301-1236
HOSP00181,Mercy Hospital,4448 Park St,Phoenix,IL,98311,1009,,4.1,JCI,(587) 401-9613
HOSP00182,Metro Medical Center,6683 Main St,Dallas,MA,38985,164,,2.6,,(228) 492-6758
HOSP00183,Regional Medical Center,525 Elm St,Phoenix,NY,85089,870,Community,n/a,CARF,(781) 687-2865
HOSP00184,Lakeside Health,188 Lake Ave,Dallas,OH,37803,1090,Psychiatric,4.2,None,(853) 367-8278
HOSP00185,Community Hospital,3954 Lake St,Dallas,OH,47272,83,Specialty,4.0,JCI,(927) 998-8692
HOSP00186,Sunrise Medical,5534 Lake Ave,Chicago,NY,88591,213,General,3.4,None,(548) 620-7372
HOSP00187,Mercy Hospital,2412 Lake St,Phoenix,FL,98419,694,,2.0,CARF,(290) 585-3940
HOSP00188,,7679 Hill St,Dallas,VA,67621,730,Community,1.9,Joint Commission,(837) 682-7098
HOSP00189,Metro Medical Center,7147 Main St,Houston,NJ,23449,1056,Psychiatric,3.6,None,(566) 158-9329
HOSP00190,City Health Clinic,293 Park Ave,Phoenix,,93965,689,Community,3.2,Joint Commission,
HOSP00191,Lakeside Health,9240 Oak St,Houston,NJ,11182,688,General,1.5,None,(950) 280-5591
HOSP00192,Regional Medical Center,7728 Park St,Phoenix ,WA,27667,838,,4.6,None,(228) 307-4616
HOSP00193,Regional Medical Center,2619 Oak Ave,Los Angeles,GA,80188,,Trauma Center,3.5,joint commission,(431) 669-2866
HOSP00194,City Health Clinic,2626 Main Ave,Phoenix,,39661,1115,Psychiatric,3.8,Joint Commission,(837) 236-3796
HOSP00195,Sunrise Medical,1465 Main St,Houston,NJ,98949,80,Rehabilitation ,1.5,None,(724) 309-7823
HOSP00196,Community Hospital,8207 Oak Ave,Houston,NY,25902,521,Teaching,4.9,CARF,(974) 817-7741
HOSP00197,Metro Medical Center,1402 Hill St,,TX,22200,903,Trauma Center,2.9,joint commission,(215) 190-1566
HOSP00198,Regional Medical Center,6240 Park St,Phoenix,WA,23652,776,Psychiatric,, ,(645) 481-1214
HOSP00199,Regional Medical Center,2535 Hill St,Phoenix,MI ,44564,770,Community,2.6,,(315) 784-8156
HOSP00200,Lakeside Health,3985 Oak St,Dallas ,VA,92246,592,Rehabilitation,4.0,None,(457) 768-5589
HOSP00201,Regional Medical Center,5787 Oak Ave,,NJ,43654,,,4.0,joint commission,(342) 849-1399
HOSP00202,Metro Medical Center,1635 Elm St,Phoenix,WA,89613,302,Psychiatric,1.1,CARF,(263) 566-8086
HOSP00203,,4484 Park St,Chicago ,OH ,30572,255,Psychiatric,4.1,None,(627) 389-7076
HOSP00204,City Health Clinic,2636 Park Ave,Los Angeles ,OH,22231,1005,Rehabilitation,4.7,joint commission,
HOSP00205,Mercy Hospital,2104 Lake St,Los Angeles,NJ,56658,131,Trauma Center,3.3,DNV,(825) 600-7104
HOSP00206,St. Mary Medical Center,23 Park St,Chicago,IL,36902,912,Specialty ,3.1,JCI,(574) 219-5499
HOSP00207,City Health Clinic,648 Hill Ave,New York,MI,,399,Community,1.2,joint commission,(666) 447-5501
HOSP00208,General Hospital,6186 Main St,Los Angeles,VA,39895,461,Specialty,4.3,joint commission,(344) 769-6417
HOSP00209,Regional Medical Center,5797 Main Ave,Houston,,10356,1056,,1.2,DNV,(941) 377-3079
HOSP00210,St. Mary Medical Center ,1333 Oak Ave,Chicago,PA,59033,412,Community,3.3,JCI,(419) 578-5072
HOSP00211,Metro Medical Center,5697 Park Ave,Dallas,CA,33804,340,Trauma Center,2.3,CARF,(785) 263-7154
HOSP00212,Regional Medical Center,2303 Hill Ave,Chicago,IL,25414,945,General,1.8,DNV,(884) 972-4544
HOSP00213,Mercy Hospital,8379 Lake Ave,Chicago,TX,86126,73,Trauma Center,n/a,,(950) 692-1039
HOSP00214,Lakeside Health,3199 Park Ave,Houston,MI,83527,102,Rehabilitation,1.2,joint commission,(627) 412-9935
HOSP00215,Metro Medical Center,8424 Lake Ave,Chicago,TX,99029,770,Community,4.9,Joint Commission,(580) 997-1916
HOSP00216,Valley View Hospital,689 Main Ave,Dallas,NC,35485,513,Psychiatric,N/A,Joint Commission,(604) 622-4211
HOSP00217,Community Hospital ,4733 Elm St,Los Angeles,NY,70434,391,,4.6,joint commission,(973) 979-2582
HOSP00218,St. Mary Medical Center,8553 Hill Ave,New York,GA,85662,592,Teaching,4.1,JCI,(894) 361-2201
HOSP00219,Mercy Hospital,8691 Hill St,Houston,OH,93133,1003,Psychiatric,2.0,,(278) 399-9411
HOSP00220,Mercy Hospital,2631 Oak St,Dallas,PA,28940,549,,3.4,None,
HOSP00221,,251 Main St,New York,NY,80201,563,Trauma Center,2.8,,(664) 260-7468
HOSP00222,,8463 Hill St,New York,FL,46282,223,Trauma Center,4.6,,(578) 280-4577
HOSP00223,Sunrise Medical,6526 Oak St,Chicago,MA,63239,927,General,N/A,None,(476) 600-3026
HOSP00224,Sunrise Medical,2668 Elm Ave,Phoenix,NY,12358,557,Teaching,4.2,CARF,(891) 469-5674
HOSP00225,Regional Medical Center,966 Elm Ave,Houston,MA,22986,331,Trauma Center,3.4,JCI,(888) 271-5487
HOSP00226,Community Hospital,9057 Hill Ave,Los Angeles,NJ,27151,520,Specialty,1.3,JCI,(927) 372-8123
HOSP00227,Metro Medical Center,2320 Elm Ave,Chicago,IL,29702,382,Specialty,1.1,joint commission,(881) 410-3600
HOSP00228,Lakeside Health,7906 Lake St,Houston,OH,32754,1111,Psychiatric,3.1,None,(221) 803-9815
HOSP00229,Mercy Hospital,722 Lake St,Dallas,NC,74796,348,Community,1.1,,(204) 839-1829
HOSP00230,Sunrise Medical,7343 Park St,New York,TX,86998,410,Community,4.0,,(897) 932-8820
HOSP00231,Metro Medical Center,4650 Main St,Phoenix,WA,52682,738,Teaching,2.2,JCI,(268) 575-8179
HOSP00232,St. Mary Medical Center,6860 Main St,Chicago,,80203,245,Teaching,4.1,None,(833) 484-2826
HOSP00233,,2415 Oak Ave,Dallas,,96945,600,General,2.2,CARF ,(524) 778-8506
HOSP00234,,3832 Oak Ave,Phoenix,,36379,203,Psychiatric,4.6,,(550) 894-5197
HOSP00235,Sunrise Medical,8116 Hill St,Los Angeles,NJ,96012,366,Teaching,1.8,joint commission,(301) 193-4466
HOSP00236,Regional Medical Center,2380 Park Ave,Dallas,CA,42339,236,Rehabilitation,2.8,Joint Commission,(631) 662-2350
HOSP00237,VALLEY VIEW HOSPITAL,2991 Lake St,Dallas,,54822,299,Specialty,3.9,CARF,(932) 387-6062
HOSP00238,City Health Clinic,4257 Park St,New York,PA,63319,419,Psychiatric,5.0,JCI,(620) 402-4564
HOSP00239,Metro Medical Center,7648 Hill St,Phoenix,NJ,82479,833,Rehabilitation,4.2,DNV,(423) 908-8412
HOSP00240,Community Hospital,2752 Elm Ave,Dallas,AZ,13617,208,Rehabilitation,,JCI,(508) 638-6638
HOSP00241,Regional Medical Center,7481 Hill Ave,New York,,80251,668,Community,3.6,None,(205) 310-2501
HOSP00242,Mercy Hospital,1303 Oak Ave,Los Angeles,NC,56886,93,Trauma Center,3.5,JCI ,(555) 101-1226
HOSP00243,Lakeside Health,5406 Hill St,Houston,,43832,818,Rehabilitation,4.2,,(564) 297-2353
HOSP00244,St. Mary Medical Center,9888 Hill St,Phoenix,NC,94189,640,Specialty ,1.3,joint commission,(875) 696-3416
HOSP00245,Lakeside Health,3929 Main Ave,Chicago,,,285,Community,2.4,,(288) 640-5976
HOSP00246,Mercy Hospital,8058 Lake Ave,Houston,AZ,58207,1022,Teaching,1.8,,(255) 684-2971
HOSP00247,,4823 Elm St,,MI,35184,977,Rehabilitation,3.0,,(941) 768-1793
HOSP00248,St. Mary Medical Center,398 Main Ave,Houston,FL,49454,366,Psychiatric,1.2,DNV,(708) 178-9305
HOSP00249,Community Hospital,9685 Main Ave,Dallas,NC,20965,711,Rehabilitation,5.0,Joint Commission,(244) 565-3454
HOSP00250,Mercy Hospital,5628 Oak St,,GA,29478,413,Teaching,2.8,None,(522) 637-9453
HOSP00251,Lakeside Health,3808 Oak Ave,Los Angeles,GA,93921,1124,Psychiatric,1.5,DNV,(829) 656-3515
HOSP00252,Community Hospital,1413 Park Ave,Los Angeles,VA,83263,480,Psychiatric,2.8,JCI,(282) 794-1115
HOSP00253,Regional Medical Center,3638 Lake St,Los Angeles,MA,63536,215,Trauma Center,2.0,DNV,(513) 464-8567
HOSP00254,Metro Medical Center,6326 Oak Ave,New York,AZ,81615,766,Psychiatric,4.0,CARF,(688) 241-5219
HOSP00255,Valley View Hospital,4393 Oak Ave,,VA,84296,369,Community,2.7,DNV,(723) 737-9088
HOSP00256,Sunrise Medical ,3102 Elm St,Los Angeles,MI,43359,800,General,2.5,DNV,(540) 676-9922
HOSP00257,Lakeside Health,9185 Lake Ave,Los Angeles,CA,96619,404,General,N/A,None,(819) 656-3037
HOSP00258,Regional Medical Center,1992 Main Ave,Dallas,GA ,15989,261,Psychiatric,1.3,,(796) 117-9779
HOSP00259,Mercy Hospital,7562 Main Ave,New York,GA,51070,472,Community,4.0,joint commission,(642) 435-1786
HOSP00260,Mercy Hospital,4189 Main Ave,Chicago,WA,13072,383,General,1.4,CARF,(518) 988-5818
HOSP00261,General Hospital,4138 Main Ave,New York,NC,78500,1014,Trauma Center,2.8,,(984) 152-1174
HOSP00262,Regional Medical Center,7867 Main St,Phoenix,CA,87799,,Community,n/a,CARF,(846) 358-6045
HOSP00263,Valley View Hospital,3250 Hill Ave,Phoenix,NY,73531,814,Specialty,3.0,None,(877) 666-3248
HOSP00264,Metro Medical Center,7929 Hill St,Houston,TX,34290,1043,,4.1,JCI,(716) 211-2174
HOSP00265,General Hospital,6500 Hill Ave,Los Angeles ,NJ,31689,887,Psychiatric,2.7,CARF,(722) 593-1932
HOSP00266,Metro Medical Center,4865 Elm St,Houston,GA,85626,684,Community,2.8,CARF,(915) 202-9354
HOSP00267,Metro Medical Center,3009 Hill Ave,Phoenix,NC,50033,351,Teaching,3.6,CARF,(420) 121-6890
HOSP00268,St. Mary Medical Center,3991 Oak St,New York,NC,24301,808,Trauma Center,2.2,CARF,(447) 956-4264
HOSP00269,,2216 Elm Ave,Chicago,,51460,1186,Psychiatric,1.8,,(670) 112-7488
HOSP00270,,7505 Lake Ave,Los Angeles,MA,95299,496,Rehabilitation,3.3,DNV,(560) 721-4051
HOSP00271,Sunrise Medical,6824 Park Ave,Phoenix,,29219,1181,Specialty,3.4,,(964) 217-5159
HOSP00272,Lakeside Health,4771 Elm Ave,Phoenix,TX,82747,884,Specialty,3.2,CARF,(951) 260-6114
HOSP00273,Community Hospital,1621 Elm St,Los Angeles,OH,91836,819,Community,1.7,None,(734) 494-9504
HOSP00274,Community Hospital ,2498 Hill Ave,Houston,MA,35843,440,Trauma Center,1.9,DNV,(739) 560-9450
HOSP00275,Sunrise Medical,6142 Lake St,Los Angeles,VA,66614,294,Trauma Center,1.9,CARF,(621) 167-5266
HOSP00276,Regional Medical Center,5156 Lake St,Chicago,TX,95364,432,Rehabilitation,4.9,joint commission,(816) 593-9081
HOSP00277,REGIONAL MEDICAL CENTER,6489 Hill St,New York,NC,25582,909,Psychiatric,3.2,DNV,(281) 541-1815
HOSP00278,Metro Medical Center,5566 Hill St,Chicago,MI,18701,725,Trauma Center,2.5,CARF,(432) 421-5876
HOSP00279,Regional Medical Center ,7777 Park Ave,Chicago,MI,39846,849,Trauma Center,4.6,DNV,(786) 752-7282
HOSP00280,St. Mary Medical Center,7694 Hill St,Los Angeles,FL,99946,,Trauma Center,2.1,joint commission,(720) 839-2098
HOSP00281,Metro Medical Center,8406 Elm St,Houston,NY,59275,711,Specialty,1.1,Joint Commission,(687) 766-8561
HOSP00282,Regional Medical Center,6993 Hill Ave,Chicago,VA,50983,715,General,2.3,CARF,(888) 703-8357
HOSP00283,Mercy Hospital,8339 Park St,Los Angeles,OH,12738,1067,Trauma Center ,2.7,CARF,(693) 571-2093
HOSP00284,Lakeside Health,3523 Elm St,Chicago,OH,28877,1123,Community,4.3,None,(682) 293-3435
HOSP00285,Sunrise Medical,1389 Hill Ave,Los Angeles,NJ,34059,510,Specialty,3.9,CARF,(777) 729-4098
HOSP00286,,3419 Lake Ave,Phoenix,OH,80061,958,Community,1.7,None,
HOSP00287,Sunrise Medical,8270 Lake St,Chicago,NC,46414,460,,1.4,CARF,(371) 348-2923
HOSP00288,Mercy Hospital,9646 Main Ave,Chicago,,92023,1172,Rehabilitation,4.0,DNV,
HOSP00289,Mercy Hospital,1835 Elm Ave,Houston,GA,79794,584,Teaching,1.0,DNV ,(582) 148-5157
HOSP00290,SUNRISE MEDICAL,5565 Main St,,AZ,16477,357,Rehabilitation,,DNV,(255) 289-8769
HOSP00291,Lakeside Health,8579 Park Ave,New York,OH,93620,483,Trauma Center,2.5,None,(596) 322-2954
HOSP00292,General Hospital,4791 Park Ave,Dallas,NJ,69502,426,Community,3.9,Joint Commission,(988) 792-7180
HOSP00293,Lakeside Health,6872 Elm Ave,Chicago,IL,54696,759,Specialty,1.1,Joint Commission,(261) 387-4343
HOSP00294,Community Hospital,7188 Park Ave,Phoenix,OH,45233,797,Specialty,3.0,DNV,(968) 643-1801
HOSP00295,Valley View Hospital,3317 Hill St,Phoenix,WA,96355,,Community,3.6,CARF,(675) 333-5169
HOSP00296,St. Mary Medical Center,6057 Main St,Dallas,NC,35173,98,Teaching,1.6,CARF,(963) 435-8861
HOSP00297,Regional Medical Center,694 Main St,Chicago,NC,73177,488,Community,1.8,None,(935) 598-1476
HOSP00298,St. Mary Medical Center,8040 Elm Ave,Chicago,GA,91453,787,Trauma Center,4.6,DNV,(476) 505-8721
HOSP00299,General Hospital,4058 Park St,New York,TX,23402,,Psychiatric,3.4,DNV,(761) 765-2358
HOSP00300,Mercy Hospital,3025 Oak St,Dallas,CA,23193,148,,2.4,Joint Commission,(653) 833-9036
HOSP00301,City Health Clinic,2507 Lake St,New York,CA,22462,302,Teaching,3.6,joint commission,(901) 201-7564
HOSP00302,Valley View Hospital,5003 Oak Ave,Chicago,PA,27016,560,Teaching,4.4,,(600) 437-9694
HOSP00303,Mercy Hospital,1555 Oak Ave,New York,VA,12614,879,,3.9,,(248) 542-6513
HOSP00304,Community Hospital,8987 Hill Ave,Phoenix,IL,39953,1185,Rehabilitation,4.7,CARF,(296) 184-8002
HOSP00305,Lakeside Health,2866 Park Ave,Phoenix,OH,54523,458,Specialty ,1.4,JCI,(716) 591-3378
HOSP00306,Metro Medical Center,7215 Park Ave,Phoenix,NY,90389,436,Community,5.0,None,(416) 567-2745
HOSP00307,General Hospital,4582 Main Ave,Chicago,NJ,58059,477,Specialty,1.9,joint commission,(846) 564-3465
HOSP00308,Lakeside Health,4327 Park Ave,Los Angeles,WA,54493,1121,General,4.4,None,(893) 908-2764
HOSP00309,City Health Clinic,8347 Hill Ave,Dallas,GA,16626,369,,1.3,Joint Commission,(863) 362-4064
HOSP00310,Community Hospital,7719 Main St,Dallas,IL,88696,999,Psychiatric,3.2,,(993) 122-8317
HOSP00311,Regional Medical Center,2571 Elm Ave,Los Angeles,MI,79134,1144,Trauma Center,4.1,DNV ,(807) 979-9665
HOSP00312,General Hospital,2987 Elm Ave,Los Angeles,WA,92187,223,Psychiatric,,JCI,(562) 189-8889
HOSP00313,Sunrise Medical,8513 Hill St,Dallas,NY,83417,759,Rehabilitation,2.2,DNV,(473) 169-8978
HOSP00314,,4934 Lake Ave,Dallas,IL,80451,1181,Trauma Center,2.4,None,
HOSP00315,Sunrise Medical,7787 Oak St,Los Angeles,MA,36806,,Psychiatric,3.9,JCI,(464) 350-6724
HOSP00316,General Hospital,4452 Lake Ave,Chicago,OH,14475,472,Rehabilitation,1.7,Joint Commission ,
HOSP00317,Valley View Hospital ,4284 Oak Ave,Los Angeles,VA,35615,697,Community,2.0,JCI,(532) 987-9967
HOSP00318,Lakeside Health,4597 Main Ave,New York,VA,84577,513,Specialty,1.2,Joint Commission,(535) 805-6728
HOSP00319,Metro Medical Center,9725 Oak St,Dallas,NY ,76879,530,Community,2.4,,(234) 931-7198
HOSP00320,St. Mary Medical Center,4972 Lake St,Dallas,CA,56452,378,Specialty,1.8,DNV,(752) 430-9761
HOSP00321,Sunrise Medical,4542 Main St,Chicago,IL,70760,270,General,2.5,joint commission,(514) 768-5116
HOSP00322,General Hospital,7273 Oak St,Phoenix,GA,15586,1028,General,4.5,,(393) 919-5269
HOSP00323,City Health Clinic,8071 Main St,Houston ,NY,81605,189,Community,2.3,CARF,(695) 780-4097
HOSP00324,,6084 Park St,,NJ,44287,766,Teaching,1.1,JCI,(574) 411-3574
HOSP00325,General Hospital,1866 Elm St,New York,NY,41366,539,General,4.7,CARF,(473) 276-8653
HOSP00326,City Health Clinic,8800 Park Ave,Houston,NJ,88728,898,Psychiatric,1.6,None,(406) 149-6483
HOSP00327,Valley View Hospital,8567 Park Ave,Houston,NJ,83128,305,Rehabilitation,2.2,DNV,(485) 658-1056
HOSP00328,Lakeside Health,1421 Oak Ave,Phoenix,NY,69751,107,Community,4.6,None,(339) 279-8511
HOSP00329,General Hospital,5045 Main St,Dallas ,AZ,58165,362,Trauma Center,3.5,CARF,(553) 153-2569
HOSP00330,Valley View Hospital,4005 Elm St,New York,VA,16604,716,Specialty,,,(821) 421-7753
HOSP00331,Mercy Hospital,1493 Hill St,Houston,TX,12866,226,Specialty,3.5,DNV,(420) 464-2269
HOSP00332,General Hospital,397 Hill Ave,Chicago,IL,80653,1101,Specialty,2.1,Joint Commission ,(281) 376-4405
HOSP00333,ST. MARY MEDICAL CENTER,6285 Park Ave,New York,,78961,273,Rehabilitation,2.4,joint commission ,(740) 123-3440
HOSP00334,St. Mary Medical Center,1927 Lake Ave,New York,,37333,1161,Psychiatric,1.5,,(279) 919-1313
HOSP00335,Valley View Hospital,4636 Park Ave,,MA,33161,452,Specialty,4.3,Joint Commission,(641) 666-8892
HOSP00336,Valley View Hospital,8367 Main Ave,Dallas,NJ,67493,166,Trauma Center,3.1,,(968) 799-7116
HOSP00337,Mercy Hospital,6243 Park St,Houston,PA,11342,782,Psychiatric,2.6,joint commission,(593) 564-8597
HOSP00338,Regional Medical Center,4395 Lake St,,GA,91690,670,Teaching,1.2,,(636) 366-2523
HOSP00339,Mercy Hospital,7214 Lake Ave,Chicago,,90893,51,Psychiatric,2.1,,(771) 770-6394
HOSP00340,Community Hospital,9386 Hill Ave,,GA,54653,326,Rehabilitation,2.1,JCI,(644) 254-3297
HOSP00341,Regional Medical Center,7098 Lake St,Phoenix,,70569,827,Psychiatric,1.1,joint commission,(888) 469-6471
HOSP00342,General Hospital,6945 Park St,New York,NY,34587,101,Community ,3.4,joint commission,(901) 833-9050
HOSP00343,Mercy Hospital,707 Oak Ave,Dallas,VA,30483,820,Psychiatric,3.0,joint commission,(955) 366-2903
HOSP00344,Community Hospital,8032 Hill St,Dallas,MI,43085,207,Specialty,1.9,joint commission,(446) 897-1209
HOSP00345,Sunrise Medical,2924 Oak St,Dallas,NJ,89575,57,Teaching,1.2,JCI,(824) 441-2551
HOSP00346,Metro Medical Center,4614 Park Ave,Phoenix,NY,22119,824,Community,4.3,DNV,(715) 370-5854
HOSP00347,Lakeside Health,4616 Oak St,Phoenix,OH,99647,55,Psychiatric,2.2,Joint Commission,(307) 937-6941
HOSP00348,Regional Medical Center,8411 Elm Ave,New York,CA,16592,408,Teaching,2.7,,(588) 775-7765
HOSP00349,City Health Clinic ,2040 Elm Ave,Chicago,MI,73864,56,Specialty,4.0,,(836) 160-9923
HOSP00350,Sunrise Medical ,5895 Hill Ave,Houston,GA,13839,220,Psychiatric,1.7,DNV,(770) 220-3741
HOSP00351,Valley View Hospital,5479 Oak St,Los Angeles,NY,68144,789,,2.5,,(365) 353-3589
HOSP00352,Valley View Hospital,5563 Oak Ave,Los Angeles,WA,48489,340,Rehabilitation,2.3,None,(540) 983-3669
HOSP00353,General Hospital,6013 Lake St,New York,OH,65011,453,Psychiatric,3.0,DNV,(877) 105-3898
HOSP00354,City Health Clinic,9468 Lake Ave,New York,,45100,1071,Specialty,3.9,DNV,(527) 708-2616
HOSP00355,General Hospital,9707 Park St,Houston,NJ,28748,1120,Specialty,2.8,CARF,(228) 193-7670
HOSP00356,Valley View Hospital,632 Main Ave,Dallas,OH,31005,1062,Trauma Center,1.4,joint commission,(299) 496-5409
HOSP00357,St. Mary Medical Center,5049 Park St,Phoenix,NJ,64384,865,Community,3.8,,(218) 727-2580
HOSP00358,Mercy Hospital,5409 Park Ave,Dallas,MA,34844,82,Community,4.7,,(864) 664-7870
HOSP00359,Metro Medical Center,7975 Park Ave,Houston,GA,58656,933,Trauma Center ,1.2,None,(588) 368-1145
HOSP00360,General Hospital,2442 Main St,New York,WA,81903,334,Psychiatric,3.6,,(977) 706-6847
HOSP00361,City Health Clinic,9640 Hill Ave,Houston,NY,51525,555,Teaching,4.5,Joint Commission,(239) 529-6065
HOSP00362,Lakeside Health,1938 Hill St,New York,VA,40379,103,Psychiatric,2.7,,(531) 252-7788
HOSP00363,Regional Medical Center,5009 Main St,New York,,71853,1032,Psychiatric ,1.5,DNV,(371) 950-9354
HOSP00364,,4213 Park St,Chicago,TX,20136,841,Psychiatric,n/a,joint commission,(225) 235-1529
HOSP00365,General Hospital,1644 Main St,New York,OH ,49010,438,Teaching,1.3,joint commission,(732) 700-1366
HOSP00366,Community Hospital,1661 Elm Ave,,CA,,663,Rehabilitation,2.1,,(390) 912-3423
HOSP00367,City Health Clinic,5376 Oak Ave,Chicago,IL,90816,1077,,2.0,DNV,(253) 193-2496
HOSP00368,Regional Medical Center,7230 Main St,Phoenix,CA,42481,745,Community,3.5,joint commission,(502) 977-2294
HOSP00369,General Hospital,8305 Main St,Houston,,14280,490,General,3.1,CARF,(247) 177-4275
HOSP00370,Regional Medical Center,3243 Elm Ave,Houston,GA,35441,315,Teaching,3.2,CARF,(799) 465-3049
HOSP00371,Regional Medical Center ,2241 Park Ave,Chicago,IL,52914,593,Teaching ,1.6,,(952) 504-1419
HOSP00372,Sunrise Medical,6146 Hill St,Phoenix,VA,47529,668,Rehabilitation,2.6,,(588) 265-6808
HOSP00373,City Health Clinic,8874 Oak St,Phoenix,IL,81954,223,General,4.4,CARF,(821) 813-3774
HOSP00374,Community Hospital,7302 Hill Ave,Phoenix,AZ,,855,Community,4.9,JCI,(584) 783-8166
HOSP00375,Mercy Hospital,9676 Elm St,New York,OH,53969,491,Specialty,5.0,None,(881) 743-8038
HOSP00376,Regional Medical Center,152 Main St,,,59490,60,Trauma Center,4.1,CARF,(850) 900-1380
HOSP00377,Mercy Hospital,1291 Hill Ave,Houston,PA,23717,552,Specialty,1.3,Joint Commission,(333) 673-9232
HOSP00378,Lakeside Health,7437 Hill Ave,Los Angeles,NJ,80193,,,,Joint Commission,(451) 191-4105
HOSP00379,Valley View Hospital,6290 Elm St,Phoenix,,50248,748,Trauma Center,2.6,,(433) 151-4184
HOSP00380,General Hospital,5735 Main St,Houston,IL,23497,317,Trauma Center,3.6,,(939) 656-4660
HOSP00381,Mercy Hospital,9358 Oak St,Dallas,IL,53596,1150,Rehabilitation,N/A,DNV,(724) 769-1051
HOSP00382,Metro Medical Center,1961 Park St,New York,NC,,203,Teaching,1.8,None,(796) 510-7755
HOSP00383,Sunrise Medical,6257 Hill Ave,Chicago,NJ,98099,,Psychiatric,4.5,,(473) 416-8619
HOSP00384,City Health Clinic,3680 Park St,,NC,17629,1108,Psychiatric,n/a,DNV,(351) 261-6583
HOSP00385,Lakeside Health,3487 Hill St,Dallas,WA,47260,614,Rehabilitation,n/a,DNV,(744) 113-6700
HOSP00386,St. Mary Medical Center,8039 Main Ave,Chicago,AZ,76067,634,Psychiatric,3.1,None,(600) 226-6878
HOSP00387,Mercy Hospital,5225 Hill Ave,,FL,29197,375,Psychiatric,4.3,Joint Commission,(394) 152-6900
HOSP00388,St. Mary Medical Center,9322 Hill St,Dallas,WA,37059,80,Psychiatric,2.1,,(264) 504-7285
HOSP00389,Metro Medical Center,7056 Park Ave,Los Angeles,MA,67509,1019,Trauma Center,1.8,None,(398) 334-4885
HOSP00390,GENERAL HOSPITAL,1201 Elm St,Phoenix,MI,22277,,General,2.2,Joint Commission,(422) 134-9757
HOSP00391,Community Hospital,5907 Oak St,Chicago,AZ,51003,796,Community ,4.2,,(261) 834-8321
HOSP00392,Mercy Hospital ,6985 Lake Ave,Phoenix,CA,11394,363,General,2.3,Joint Commission,(411) 965-8757
HOSP00393,,3733 Elm Ave,Los Angeles,TX,52331,276,Teaching,2.6,Joint Commission,(588) 288-9486
HOSP00394,Mercy Hospital,6050 Elm Ave,Chicago,WA,69486,560,Rehabilitation,3.7,DNV,(865) 548-1627
HOSP00395,St. Mary Medical Center,7057 Lake St,Phoenix,WA,92720,1153,Teaching,4.1,CARF,
HOSP00396,St. Mary Medical Center,4171 Lake St,Los Angeles,CA,90220,1061,Psychiatric,2.1,Joint Commission,(866) 572-1911
HOSP00397,GENERAL HOSPITAL,1727 Lake Ave,Los Angeles,NJ ,86620,389,Trauma Center,4.1,None,(322) 361-7022
HOSP00398,,5493 Hill Ave,Dallas,OH,99546,879,Trauma Center,3.5,DNV,(673) 259-4278
HOSP00399,Metro Medical Center,3143 Oak Ave,New York,PA,83928,,General,2.3,,(807) 168-6599
HOSP00400,Lakeside Health,9060 Park Ave,Dallas,NJ,,115,,4.8,CARF,(417) 816-1734
HOSP00401,St. Mary Medical Center,3079 Oak Ave,Chicago,AZ,62789,175,Trauma Center,1.3,joint commission,(358) 380-4859
HOSP00402,General Hospital,7451 Elm Ave,New York,FL,73295,156,Rehabilitation,3.5,,(940) 680-5284
HOSP00403,Community Hospital,5332 Elm St,Phoenix,WA,67163,127,General,2.2,JCI,(796) 325-4448
HOSP00404,General Hospital,8713 Elm St,New York,NJ,78678,1112,General,2.3,CARF,(472) 478-5799
HOSP00405,St. Mary Medical Center,2607 Elm St,Dallas,TX,,1161,Rehabilitation,3.7,joint commission,(332) 393-3874
HOSP00406,General Hospital,8752 Park Ave,Los Angeles,NC,15239,287,Psychiatric,3.0,,(864) 108-6305
HOSP00407,GENERAL HOSPITAL ,5076 Hill St,New York,,87259,1153,Trauma Center,1.7,,(315) 389-6595
HOSP00408,St. Mary Medical Center,7910 Elm Ave,Chicago,TX,66903,102,Community,n/a,,(624) 950-3224
HOSP00409,Regional Medical Center,3122 Main St,New York,FL,47959,261,General,4.6,joint commission,(220) 206-9996
HOSP00410,Metro Medical Center,382 Elm St,Los Angeles,MI,72160,512,Specialty,2.3,joint commission,(262) 320-4532
HOSP00411,REGIONAL MEDICAL CENTER,8903 Park Ave,New York,PA,11826,712,Rehabilitation,1.2,joint commission,(947) 588-9263
HOSP00412,Community Hospital,2798 Hill St,Los Angeles,TX,74184,858,Rehabilitation,3.8,joint commission,(415) 396-7834
HOSP00413,St. Mary Medical Center,8143 Oak St,Dallas,,27348,603,Community,,Joint Commission,(452) 277-5340
HOSP00414,Valley View Hospital,4515 Hill St,New York,WA,35066,617,Teaching,,,(590) 925-9597
HOSP00415,Community Hospital,2982 Oak Ave,Los Angeles,OH ,84385,935,Psychiatric,4.8,DNV,(298) 835-4650
HOSP00416,Regional Medical Center,2510 Lake St,Houston,OH,57226,246,,3.4,,(460) 470-1670
HOSP00417,Community Hospital,8652 Lake St,Dallas,MA,58704,355,Community,4.7,CARF,(635) 318-8699
HOSP00418,General Hospital,7206 Lake St,Houston,WA,,,Rehabilitation,2.8,None,(689) 400-2369
HOSP00419,St. Mary Medical Center,490 Lake Ave,Dallas,FL,96904,408,,3.5,joint commission,
HOSP00420,St. Mary Medical Center,251 Main Ave,Los Angeles,,85605,1112,Rehabilitation,4.0,JCI,(454) 194-7896
HOSP00421,St. Mary Medical Center,7870 Elm Ave,Los Angeles,GA,78851,233,Teaching,3.9,DNV ,(386) 853-8341
HOSP00422,St. Mary Medical Center ,1256 Hill Ave,Dallas,TX,38505,554,Teaching,4.6,JCI,(367) 970-1648
HOSP00423,Community Hospital,8437 Main St,Chicago,CA,48407,204,Trauma Center,4.6,DNV,(520) 623-2866
HOSP00424,Regional Medical Center,5207 Lake St,Dallas,IL,63453,534,Rehabilitation,3.2,Joint Commission,(281) 666-8951
HOSP00425,Mercy Hospital,2120 Oak Ave,New York,NC,55685,251,Specialty,1.4,,(412) 279-1860
HOSP00426,Regional Medical Center,2905 Park Ave,Houston ,AZ,56917,963,Rehabilitation,4.6,joint commission,(943) 845-3888
HOSP00427,Lakeside Health,2778 Oak Ave,,NC,42003,321,Community,1.3,None,(453) 463-1802
HOSP00428,Regional Medical Center,1427 Elm St,Chicago,NJ,99941,298,General,3.5,joint commission ,(987) 512-9250
HOSP00429,COMMUNITY HOSPITAL,6267 Oak Ave,Los Angeles,,,938,Community,3.1,DNV,(383) 458-4638
HOSP00430,Lakeside Health,9022 Main St,Houston,NC,70167,775,Specialty,4.1,DNV,(534) 306-4550
HOSP00431,City Health Clinic,9770 Lake St,Houston,NY,19255,919,General,2.0,DNV,(605) 613-6896
HOSP00432,Valley View Hospital,2323 Main Ave,Chicago,TX,45364,1070,Trauma Center,N/A,,(922) 337-4725
HOSP00433,Sunrise Medical,9669 Main St,Phoenix,FL,97243,730,Teaching,4.0,DNV,(258) 390-4230
HOSP00434,Lakeside Health,8228 Park Ave,Chicago,FL ,69206,179,Teaching,3.8,Joint Commission ,
HOSP00435,Regional Medical Center,6892 Elm Ave,New York,CA,38913,1151,Specialty ,2.3,JCI,(896) 201-4074
HOSP00436,Sunrise Medical,3484 Elm St,Phoenix,IL,94659,951,Specialty,2.7,Joint Commission,(574) 820-1989
HOSP00437,Community Hospital,8162 Oak Ave,New York,PA,65761,,Specialty,1.2,Joint Commission,(847) 393-1628
HOSP00438,Community Hospital,3231 Lake Ave,Los Angeles,MI,71254,355,Rehabilitation,2.6,,(451) 484-7914
HOSP00439,Mercy Hospital,3059 Hill St,Los Angeles,TX,83072,161,Trauma Center,1.3,None,(948) 992-4135
HOSP00440,City Health Clinic,632 Oak Ave,Chicago,NY,32776,,Rehabilitation,N/A,,(830) 228-7530
HOSP00441,,9083 Park St,Los Angeles,CA,75685,73,Trauma Center,1.5,DNV,(692) 582-2382
HOSP00442,City Health Clinic,2649 Elm Ave,Los Angeles,NC,81495,780,Psychiatric,4.5,DNV,(719) 671-2767
HOSP00443,Sunrise Medical,9478 Oak St,New York,FL,31439,924,,3.0,DNV,(912) 258-4578
HOSP00444,Regional Medical Center,126 Lake St,Chicago,VA,56877,272,General,4.1,,(202) 369-6773
HOSP00445,Valley View Hospital,2117 Lake Ave,,NY,81617,,Trauma Center,1.3,,(843) 877-5022
HOSP00446,,8994 Hill Ave,Houston,GA,67539,1007,Community,4.3,DNV,(984) 585-6153
HOSP00447,St. Mary Medical Center,2024 Oak St,Chicago,NC,51969,497,Community,1.8,None,(997) 939-4215
HOSP00448,Sunrise Medical,3323 Park Ave,Chicago,PA,12246,793,Teaching,2.4,JCI,
HOSP00449,,2745 Oak Ave,Chicago,AZ,29455,,Rehabilitation,3.7,Joint Commission,(742) 944-3466
HOSP00450,Community Hospital,8853 Main St,Chicago,GA,52133,247,Specialty,,CARF,
HOSP00451,Metro Medical Center,9033 Hill St,Phoenix,CA,12623,364,General,2.0,None,(669) 430-8670
HOSP00452,Mercy Hospital ,2235 Hill St,Houston,WA,40727,734,Rehabilitation,2.1,,(441) 937-4692
HOSP00453,Metro Medical Center ,9177 Lake Ave,Los Angeles,TX,16460,610,Trauma Center,1.6,JCI,(906) 757-9601
HOSP00454,General Hospital,8034 Main St,Los Angeles,GA,42381,243,,4.1,JCI,(668) 457-2914
HOSP00455,Regional Medical Center,8892 Main St,Houston,CA,21834,970,Teaching,4.3,,(523) 430-7139
HOSP00456,Metro Medical Center,1482 Main St,Chicago,,54067,71,Rehabilitation,3.3,None,(906) 807-7208
HOSP00457,Regional Medical Center,2124 Lake Ave,Dallas,NJ,47110,1110,Teaching,4.6,Joint Commission,(725) 440-6635
HOSP00458,Metro Medical Center,7414 Elm St,Los Angeles,TX,34882,961,Trauma Center,2.8,None,(269) 564-4647
HOSP00459,,4619 Main St,Chicago,CA,34733,356,Psychiatric,2.8,DNV,(393) 979-9292
HOSP00460,Lakeside Health,283 Park Ave,Houston,AZ,,265,Community,3.9,CARF,(743) 758-9545
HOSP00461,City Health Clinic,6536 Hill Ave,,NJ,67864,401,Teaching,4.3,,(930) 347-4636
HOSP00462,Lakeside Health,2779 Hill St,Los Angeles,AZ,35775,831,Trauma Center,4.0,,(267) 775-1169
HOSP00463,Valley View Hospital,9242 Elm St,Houston,IL,27349,391,General,3.0,DNV,(958) 902-1233
HOSP00464,Lakeside Health,428 Park Ave,Phoenix,PA,16135,1141,Specialty,3.7,joint commission,(356) 743-2983
HOSP00465,Community Hospital,596 Elm St,Dallas,PA,23704,,Teaching,1.1,Joint Commission,(643) 563-3748
HOSP00466,City Health Clinic,8661 Park St,Houston,IL,88657,771,Rehabilitation,4.0,,(221) 414-4317
HOSP00467,,3977 Park Ave,Los Angeles,NY,71030,464,Psychiatric,1.2,Joint Commission,(984) 101-4516
HOSP00468,Mercy Hospital,1532 Main St,Dallas,MI,64246,400,,2.8,DNV,(270) 492-9313
HOSP00469,Metro Medical Center ,2726 Oak St,Dallas,GA,93644,806,Trauma Center,3.2,JCI,(610) 554-7361
HOSP00470,,9775 Oak St,Phoenix,NJ ,,609,Psychiatric,1.2,Joint Commission,(753) 356-3737
HOSP00471,Community Hospital,2476 Hill St,,WA,76533,1030,Psychiatric,2.4,None,(391) 230-3458
HOSP00472,St. Mary Medical Center,3058 Elm St,New York,NC,44494,1055,Trauma Center,3.9,CARF,(441) 661-5185
HOSP00473,,2256 Park Ave,Los Angeles,NJ,91678,949,Psychiatric,4.0,None,(624) 656-2160
HOSP00474,Valley View Hospital,9440 Main Ave,Chicago,GA,20236,409,Rehabilitation,4.1,DNV,(870) 126-5863
HOSP00475,City Health Clinic,5924 Main St,Los Angeles,TX,81113,611,Specialty,1.4,JCI,(779) 729-9609
HOSP00476,Lakeside Health,4250 Hill St,Dallas,FL,27604,53,Community,1.7,joint commission,(357) 807-4866
HOSP00477,General Hospital ,1212 Oak Ave,Phoenix,PA,42538,783,Teaching,2.8,,
HOSP00478,Metro Medical Center,6698 Hill Ave,Los Angeles ,WA,20697,929,Rehabilitation ,1.4,joint commission,(867) 464-1656
HOSP00479,General Hospital,4816 Oak Ave,Chicago,NC,17399,921,Rehabilitation,2.3,None,(809) 624-9495
HOSP00480,Metro Medical Center,2398 Park Ave,,TX,15872,392,Teaching,2.2,JCI,(430) 340-5539
HOSP00481,General Hospital,8727 Hill St,Phoenix,TX,61457,1113,,4.2,,(614) 146-9674
HOSP00482,Valley View Hospital,5022 Main St,Phoenix,MA,24727,876,Community,1.3,Joint Commission,(423) 633-6283
HOSP00483,General Hospital,1866 Elm St,Houston,VA,53040,729,Trauma Center,4.4,JCI,(920) 782-8542
HOSP00484,General Hospital,7717 Oak St,Chicago,GA,17156,1170,General,4.7,joint commission,(974) 643-9806
HOSP00485,Valley View Hospital ,8664 Main St,Los Angeles,FL,89222,1001,Community,3.9,None,(519) 373-4462
HOSP00486,Valley View Hospital,9201 Lake Ave,Phoenix,IL,37614,791,Teaching,n/a,JCI,(512) 759-1614
HOSP00487,General Hospital,8271 Main Ave,,NY,34486,566,General,3.3,,(304) 260-2267
HOSP00488,Sunrise Medical,6925 Oak St,Chicago,MA,92182,1186,,4.9,DNV,(304) 743-2028
HOSP00489,St. Mary Medical Center,474 Hill St,New York,NC,61047,449,General,1.0,,(623) 817-7735
HOSP00490,Lakeside Health,2637 Main St,Phoenix,PA,66154,,Teaching,3.9,DNV,(943) 720-9136
HOSP00491,Regional Medical Center,8413 Main Ave,Los Angeles,TX,11963,474,Rehabilitation,1.2,,(400) 791-2919
HOSP00492,Metro Medical Center,6105 Oak St,Dallas,MA,,357,Trauma Center,4.2,DNV,(715) 406-6302
HOSP00493,Valley View Hospital,1533 Hill St,,MA,37765,530,Trauma Center,2.0,,(853) 979-2260
HOSP00494,Lakeside Health,1198 Main Ave,,CA,92705,116,Trauma Center,2.3,CARF,
HOSP00495,Community Hospital,5972 Main Ave,Chicago ,,36504,256,Teaching,3.7,DNV,(501) 182-6095
HOSP00496,Valley View Hospital,6223 Elm Ave,Houston,WA,62578,,Psychiatric ,2.4,,(432) 204-9802
HOSP00497,,6950 Hill St,Houston,GA,71762,631,General,2.0,Joint Commission,(812) 569-8305
HOSP00498,Sunrise Medical,8729 Park Ave,Los Angeles,NY,80701,678,Teaching,3.7,DNV,(960) 344-8844
HOSP00499,Sunrise Medical,5800 Oak Ave,Phoenix,PA,80818,828,Trauma Center,3.0,Joint Commission,(328) 536-8760
HOSP00500,Mercy Hospital,1820 Oak St,Phoenix,PA,19390,567,Trauma Center,1.5,,(346) 617-4324
HOSP00501,Mercy Hospital,4906 Main Ave,Chicago,CA,32737,542,,1.4,,(237) 827-4247
HOSP00502,St. Mary Medical Center,7031 Hill St,Los Angeles,GA,71027,725,Community,1.0,None,(388) 507-9899
HOSP00503,Community Hospital,6114 Main St,Chicago,VA,97191,1013,,4.9,JCI,(739) 191-8492
HOSP00504,,9500 Main Ave,,,10337,354,Psychiatric,1.2,,(838) 608-9354
HOSP00505,Lakeside Health,4277 Lake St,New York,NC,68524,877,Rehabilitation,2.4,JCI,(944) 512-7151
HOSP00506,City Health Clinic,9569 Lake St,Dallas ,NY ,34127,732,Trauma Center,n/a,Joint Commission,(500) 824-7786
HOSP00507,City Health Clinic,6265 Hill Ave,Dallas,PA,30586,1032,Community,n/a,Joint Commission,(692) 260-2494
HOSP00508,City Health Clinic,5673 Lake Ave,Houston,WA,71183,766,Psychiatric,N/A,JCI,(266) 116-5387
HOSP00509,Mercy Hospital,5823 Lake St,Phoenix,MI ,66788,1026,Community,3.7,Joint Commission,
HOSP00510,St. Mary Medical Center,2807 Park Ave,,NY,43526,946,Teaching,1.1,JCI,(414) 943-5149
HOSP00511,Lakeside Health,8293 Park Ave,Phoenix,,47931,485,Psychiatric,4.3,,(490) 431-5958
HOSP00512,Mercy Hospital,1132 Oak St,Phoenix ,MA,15863,702,Rehabilitation,4.3,,(362) 765-3647
HOSP00513,CITY HEALTH CLINIC,1035 Main St,Dallas,FL,81380,1150,Rehabilitation,3.5,,(413) 662-3294
HOSP00514,Regional Medical Center,9603 Elm St,Los Angeles,NJ,37535,543,Trauma Center,3.2,DNV,(207) 852-8520
HOSP00515,St. Mary Medical Center,4359 Oak Ave,Phoenix,,75233,649,General,2.5,None,(514) 157-5023
HOSP00516,Community Hospital,7792 Park Ave,Chicago,AZ,86757,1017,General,1.4,joint commission,(900) 629-9058
HOSP00517,St. Mary Medical Center,9399 Hill Ave,,FL,,188,General ,1.6,JCI,(884) 244-6521
HOSP00518,General Hospital,2972 Lake Ave,New York,TX,48409,602,,,None,(258) 183-1509
HOSP00519,Community Hospital,8147 Lake St,New York,NJ,43807,601,Teaching,4.2,None,(498) 399-3915
HOSP00520,Metro Medical Center,2308 Main Ave,Dallas,IL,45746,584,Specialty,1.5,joint commission,(765) 705-5184
HOSP00521,,2496 Hill St,Chicago,NC,26441,647,Specialty,3.3,DNV,(608) 111-1635
HOSP00522,Sunrise Medical,9591 Park Ave,Houston,AZ ,67528,68,Teaching,4.1,None,(293) 992-7294
HOSP00523,General Hospital,6184 Hill Ave,Houston,NY,40861,337,Psychiatric,2.0,None,(712) 376-9201
HOSP00524,,5571 Lake Ave,Phoenix,PA,89242,905,Rehabilitation,1.6,joint commission,(511) 339-6266
HOSP00525,Metro Medical Center,458 Hill Ave,Houston,NC,43374,185,Psychiatric,1.3,,(716) 206-9952
HOSP00526,Valley View Hospital,76 Oak Ave,New York,WA,79785,750,Community,3.7,joint commission ,
HOSP00527,City Health Clinic,8027 Elm St,Phoenix,FL,15208,1119,Specialty,2.5,CARF,(703) 674-4658
HOSP00528,City Health Clinic,9809 Oak Ave,Chicago,MA,54543,1165,,1.5,JCI,(333) 106-2383
HOSP00529,Regional Medical Center,5432 Oak St,Chicago,OH,21004,511,Rehabilitation,2.1,DNV,(216) 801-4835
HOSP00530,City Health Clinic,2021 Elm Ave,Los Angeles,OH,77147,,Psychiatric,3.6,None,(427) 865-5659
HOSP00531,Metro Medical Center,2113 Park Ave,Chicago,PA,18990,,Community,4.2,,(782) 872-1614
HOSP00532,Sunrise Medical,3242 Elm Ave,,TX,39648,60,Specialty,N/A,CARF,(878) 306-4390
HOSP00533,Community Hospital,5527 Oak Ave,Phoenix,VA,18331,666,Teaching,2.4,joint commission,(572) 829-3297
HOSP00534,Sunrise Medical,3129 Main Ave,Dallas,PA,49171,711,Community,3.1,Joint Commission,(937) 471-8606
HOSP00535,Sunrise Medical,7023 Hill St,Houston,,70244,,Trauma Center,5.0,DNV,(215) 654-4357
HOSP00536,Metro Medical Center,2576 Hill Ave,Los Angeles,OH,73159,502,Community,3.0,DNV,(677) 158-7564
HOSP00537,,8341 Park Ave,Phoenix,TX,44791,1019,General,4.6,DNV,(279) 567-5721
HOSP00538,Sunrise Medical,4276 Oak St,Houston,WA,50278,654,Rehabilitation ,2.3,JCI,(872) 127-5611
HOSP00539,General Hospital,6496 Hill Ave,,NY,62255,815,Specialty,2.7,joint commission,(231) 784-6800
HOSP00540,Community Hospital,2845 Oak St,New York,NY,,194,General,2.6,None,(318) 280-2036
HOSP00541,Community Hospital,9457 Oak St,Phoenix,,14289,500,Psychiatric,3.7,DNV,(693) 682-1551
HOSP00542,Regional Medical Center,8161 Main Ave,Los Angeles,VA,42893,945,,1.5,CARF,(737) 825-9551
HOSP00543,Lakeside Health,4810 Hill St,Los Angeles,CA,37914,205,,3.7,joint commission,(478) 116-1215
HOSP00544,Lakeside Health ,9391 Park St,New York,VA,65917,525,General,2.7,,(549) 775-8764
HOSP00545,City Health Clinic,2437 Main St,Phoenix,GA ,34323,796,Psychiatric,,joint commission,(376) 319-4731
HOSP00546,Mercy Hospital,8568 Hill Ave,Dallas,NY,47063,285,Community,2.6,,(877) 173-4800
HOSP00547,Lakeside Health,33 Main Ave,Houston,VA,51533,190,Rehabilitation,4.4,CARF,(979) 727-9845
HOSP00548,Community Hospital,542 Park Ave,Phoenix,,10939,659,Trauma Center,4.8,CARF,(909) 498-4803
HOSP00549,Lakeside Health,3227 Elm Ave,Phoenix,FL,58172,786,Teaching,3.0,,(921) 565-9671
HOSP00550,Community Hospital,3169 Lake St,Los Angeles,GA,29105,358,Teaching,1.9,JCI,(481) 997-3257
HOSP00551,Mercy Hospital,7756 Elm St,New York,OH,71782,485,Trauma Center,3.0,CARF,(936) 995-1043
HOSP00552,Lakeside Health,1705 Hill Ave,Chicago,MA,79744,887,,1.6,JCI,(909) 444-7893
HOSP00553,Lakeside Health,7333 Lake Ave,Houston,,83287,358,Specialty,2.7,Joint Commission,(565) 493-8752
HOSP00554,St. Mary Medical Center,3695 Oak St,Phoenix,IL,25449,446,Rehabilitation,2.1,Joint Commission,(480) 510-4695
HOSP00555,General Hospital,466 Oak Ave,Chicago,NJ,37725,374,Trauma Center,4.5,Joint Commission,(668) 355-6125
HOSP00556,,5146 Elm St,Chicago,VA,87844,867,Specialty,5.0,Joint Commission,(220) 698-1290
HOSP00557,Community Hospital,2523 Oak Ave,Phoenix,,76670,1146,Psychiatric,3.1,DNV,(642) 254-2430
HOSP00558,St. Mary Medical Center,4917 Oak St,Chicago,PA,28782,1139,,1.1,None,(839) 907-1976
HOSP00559,Regional Medical Center,7030 Lake St,Houston ,WA,58089,193,Psychiatric,1.5,Joint Commission,(892) 736-9597
HOSP00560,Sunrise Medical,3255 Main Ave,Houston,NJ,32782,724,,2.2,joint commission,(799) 199-3307
HOSP00561,COMMUNITY HOSPITAL,8011 Lake St,Phoenix,VA,,377,Specialty,3.4,joint commission,(821) 405-4015
HOSP00562,Metro Medical Center,1499 Oak Ave,Chicago,PA,27973,272,Trauma Center,5.0,Joint Commission,(530) 229-4992
HOSP00563,Valley View Hospital,4265 Park St,Chicago,OH,,664,Trauma Center,2.1,Joint Commission,(856) 839-2291
HOSP00564,General Hospital,3698 Park Ave,Los Angeles,,44395,118,Teaching,3.3,DNV,(756) 122-9558
HOSP00565,Community Hospital,1567 Lake Ave,Houston,NJ,54490,930,Rehabilitation,3.8,DNV,(886) 895-4100
HOSP00566,Sunrise Medical,9833 Oak St,New York ,FL,81227,545,Rehabilitation,2.3,JCI,(531) 338-4914
HOSP00567,Community Hospital,8260 Oak St,Los Angeles,MI,37033,768,Psychiatric,3.5,Joint Commission ,(351) 898-8951
HOSP00568,Regional Medical Center,5690 Elm St,New York,OH,25392,,Rehabilitation,2.1,DNV,(945) 466-8076
HOSP00569,Valley View Hospital,4251 Elm Ave,New York,AZ,36340,223,Psychiatric,2.9,None,(979) 797-8528
HOSP00570,Lakeside Health,7256 Elm Ave,Dallas,OH,17926,477,Psychiatric,2.0,Joint Commission,(301) 416-1941
HOSP00571,Community Hospital,7970 Park St,Chicago,VA,87631,512,Community,2.2,JCI,(848) 775-1657
HOSP00572,Lakeside Health ,4642 Elm Ave,Chicago,PA,66993,493,Psychiatric,3.4,Joint Commission,(750) 688-6781
HOSP00573,Valley View Hospital,2521 Lake Ave,Dallas,IL,35983,757,Community,4.4,JCI,(707) 143-8890
HOSP00574,Sunrise Medical,5557 Hill St,Los Angeles,NY,87694,455,General,3.6,CARF ,(389) 245-9531
HOSP00575,General Hospital,3752 Main St,,CA,45167,497,Specialty,4.9,DNV,(655) 115-2406
HOSP00576,General Hospital,6831 Hill St,Houston,IL,92625,142,Psychiatric,2.1,JCI,(405) 442-6989
HOSP00577,Lakeside Health,9615 Oak Ave,New York,OH,73272,740,Rehabilitation,1.2,None ,(378) 507-1549
HOSP00578,City Health Clinic,1268 Elm Ave,Houston,FL,27194,931,General,1.7,,(394) 110-8702
HOSP00579,,1450 Main St,Phoenix,VA,57445,325,Community ,4.9,,(387) 341-9178
HOSP00580,COMMUNITY HOSPITAL,2803 Hill St,Houston,AZ,23887,836,Trauma Center,3.1,Joint Commission,(734) 954-3592
HOSP00581,Metro Medical Center,6311 Main St,Houston,WA,92597,658,General,3.0,JCI,(481) 529-4581
HOSP00582,General Hospital,6521 Park St,New York,MA,10109,926,Psychiatric,2.8,DNV,(629) 970-9458
HOSP00583,,9450 Elm St,New York,OH,15973,321,Rehabilitation,4.2,joint commission,(798) 262-2155
HOSP00584,Community Hospital ,8404 Park St,Phoenix,NC,24155,725,Rehabilitation,1.6,JCI,(463) 607-5482
HOSP00585,Community Hospital,4112 Main St,Los Angeles,NC,77850,1103,Rehabilitation,3.1,None,(284) 894-6154
HOSP00586,Lakeside Health,1870 Park Ave,Phoenix,GA,15761,656,Psychiatric,3.2,joint commission,(286) 194-6672
HOSP00587,Metro Medical Center ,694 Park St,,PA,47426,314,Rehabilitation,3.6,CARF,(361) 414-7556
HOSP00588,Valley View Hospital,3159 Park St,New York,IL,91947,144,Specialty,2.7,DNV,(588) 356-6193
HOSP00589,City Health Clinic,4366 Lake Ave,Los Angeles,VA,93413,1111,General,4.1,,(801) 128-7043
HOSP00590,Regional Medical Center,3442 Main St,Chicago,VA,11189,835,Specialty,3.9,CARF,(666) 319-8896
HOSP00591,METRO MEDICAL CENTER,3624 Lake Ave,,PA,93222,553,Rehabilitation,1.7,DNV,(305) 235-2455
HOSP00592,Valley View Hospital,8999 Lake St,,IL,11251,600,Community ,3.8,CARF,(824) 843-1421
HOSP00593,Regional Medical Center,1104 Oak Ave,Houston,AZ,89649,849,Community,2.1,joint commission,(647) 599-6426
HOSP00594,Mercy Hospital,2391 Oak St,New York,PA,96818,792,Specialty,2.6,DNV ,(897) 887-7779
HOSP00595,City Health Clinic ,3303 Main Ave,New York,MI,40895,859,Trauma Center,2.3,Joint Commission,(245) 588-4722
HOSP00596,Valley View Hospital,1554 Park Ave,Chicago,NC,74426,75,Community,1.9,None,(943) 578-9023
HOSP00597,Mercy Hospital,6319 Park St,Chicago,MI,72687,91,Specialty,N/A,JCI,(900) 243-2417
HOSP00598,Metro Medical Center,8103 Lake St,Phoenix,VA,33822,50,Teaching,1.3,joint commission,
HOSP00599,Mercy Hospital,4911 Elm St,New York ,IL,53053,1058,,4.0,joint commission,(323) 322-3030
HOSP00600,Community Hospital,2137 Park St,Dallas,FL,42024,954,Specialty,2.7,None,
HOSP00601,,4596 Main St,Los Angeles,AZ,,146,Community,2.0,JCI,(750) 580-6940
HOSP00602,Sunrise Medical,4282 Park Ave,Dallas,CA ,32334,845,Trauma Center,2.2,joint commission,(743) 404-3566
HOSP00603,Metro Medical Center,5704 Elm Ave,Los Angeles,IL,,1181,Teaching,3.7,JCI,(571) 637-8858
HOSP00604,Lakeside Health,101 Elm Ave,Los Angeles,IL,98112,1030,Rehabilitation,1.8,None,(690) 110-2424
HOSP00605,Mercy Hospital,7133 Hill Ave,Dallas,NC,44033,187,Psychiatric,2.9,CARF,(844) 578-6715
HOSP00606,Community Hospital,148 Lake St,Los Angeles,NJ,10063,437,Teaching,2.5,,(672) 175-3337
HOSP00607,Regional Medical Center,9972 Park Ave,,VA,70398,119,Community,2.0,Joint Commission,(562) 112-7759
HOSP00608,Community Hospital,6170 Lake St,Houston,NC,57091,962,,4.4,Joint Commission,(417) 391-2899
HOSP00609,Lakeside Health,9525 Hill Ave,Houston,OH,21257,410,Teaching,4.7,,(508) 333-9793
HOSP00610,Sunrise Medical,8653 Park St,Dallas,NJ,,370,Specialty,3.6,CARF,(998) 556-5759
HOSP00611,Community Hospital,9579 Main Ave,New York,MA,56807,218,,2.7,,(919) 361-5047
HOSP00612,Mercy Hospital,4681 Elm Ave,Phoenix,MI,80894,975,Rehabilitation,4.0,DNV,(856) 535-1395
HOSP00613,Mercy Hospital,8738 Oak St,New York,,46822,777,General,4.6,joint commission,(683) 747-3430
HOSP00614,Valley View Hospital,8681 Oak St,Dallas,WA,48704,259,Rehabilitation,3.9,None,
HOSP00615,City Health Clinic,3272 Park Ave,Chicago,MI,23239,737,,3.5,,(812) 467-6327
HOSP00616,City Health Clinic,8723 Main St,New York,OH,50503,674,Teaching,1.1,joint commission,(855) 285-1727
HOSP00617,,9788 Park Ave,Los Angeles,WA,,1121,Trauma Center,n/a,DNV,(672) 694-2786
HOSP00618,Regional Medical Center,974 Hill St,New York,,75711,781,Community,2.9,joint commission,(877) 597-7345
HOSP00619,Mercy Hospital,9561 Hill St,Phoenix,VA,53486,834,Teaching,3.7,joint commission,(974) 767-8693
HOSP00620,General Hospital,6909 Hill St,Houston,VA,36034,,Psychiatric,1.9,None,(561) 355-8543
HOSP00621,General Hospital,2847 Hill St,New York ,MA,66225,1173,Trauma Center,3.9,None,(432) 923-6215
HOSP00622,Lakeside Health ,3184 Oak Ave,New York,IL,45871,,Rehabilitation,1.4,Joint Commission,(917) 808-1605
HOSP00623,Lakeside Health,2057 Main Ave,New York,IL,64772,609,Specialty,3.0,Joint Commission,(785) 292-3016
HOSP00624,City Health Clinic,3691 Park Ave,New York,WA,83046,258,,1.1,,(366) 641-3069
HOSP00625,Valley View Hospital,6500 Lake St,Phoenix,WA,23213,803,Rehabilitation,2.8,,
HOSP00626,Metro Medical Center,3891 Elm Ave,Phoenix,VA,72855,458,Trauma Center,n/a,joint commission,
HOSP00627,Lakeside Health,9529 Main St,New York,CA,50097,298,Trauma Center ,1.8,joint commission,(262) 162-5646
HOSP00628,Lakeside Health,497 Oak Ave,Dallas,CA,75672,710,Trauma Center,n/a,Joint Commission,(796) 815-1660
HOSP00629,,2032 Lake Ave,Los Angeles,FL,65241,506,Specialty,5.0,None,(532) 441-4543
HOSP00630,Mercy Hospital,8972 Oak St,,NJ,17599,426,Rehabilitation,4.4,joint commission,(836) 271-8670
HOSP00631,General Hospital,3902 Elm Ave,Dallas,PA,65529,845,Community,1.9,,(924) 474-8381
HOSP00632,City Health Clinic,7109 Main Ave,Houston,IL,99870,916,Trauma Center,3.2,DNV,(432) 761-1254
HOSP00633,Community Hospital,4339 Elm Ave,New York,MI,68980,393,,2.1,,(934) 491-7293
HOSP00634,General Hospital,4235 Elm Ave,Chicago,IL ,78625,541,Psychiatric,1.8,DNV,(279) 512-5136
HOSP00635,Valley View Hospital,1469 Elm Ave,Dallas,CA,64878,370,,2.1,DNV ,(641) 255-6288
HOSP00636,City Health Clinic,1905 Main St,Houston,FL,54844,1079,Rehabilitation,3.1,joint commission,(855) 806-6793
HOSP00637,General Hospital,6775 Oak St,Los Angeles,,44113,730,Specialty,2.1,Joint Commission,(878) 856-3155
HOSP00638,Regional Medical Center,8970 Park Ave,Houston ,NC,87656,554,Rehabilitation,1.9,Joint Commission,(603) 468-4151
HOSP00639,Lakeside Health,3492 Lake Ave,Phoenix,PA,25111,152,Psychiatric,3.1,JCI,(896) 432-2514
HOSP00640,St. Mary Medical Center,4735 Main St,Houston,TX,30838,638,General,2.2,joint commission,(652) 894-6444
HOSP00641,Sunrise Medical,1691 Park St,Phoenix,CA,56134,245,Trauma Center,3.6,,
HOSP00642,Regional Medical Center,7098 Elm St,,WA,90125,819,Rehabilitation,1.4,JCI,(712) 105-5296
HOSP00643,Metro Medical Center,4257 Hill Ave,Dallas,AZ,43632,398,,2.9,DNV,(457) 874-2067
HOSP00644,,8948 Hill Ave,Houston,PA,21412,62,Trauma Center,1.7,DNV,(508) 758-2956
HOSP00645,St. Mary Medical Center,1582 Park St,Dallas,IL,16596,255,Rehabilitation,4.2,None,(293) 523-6994
HOSP00646,St. Mary Medical Center,4188 Lake St,Dallas,NY,21841,286,Community,4.3,JCI,(642) 109-6772
HOSP00647,,7416 Lake Ave,Dallas,,99594,608,General,3.3,CARF,(536) 606-8169
HOSP00648,Lakeside Health,2682 Lake Ave,Los Angeles,FL,,659,Psychiatric,,CARF,(944) 468-6164
HOSP00649,Metro Medical Center,3867 Main Ave,Phoenix ,GA,68242,644,Teaching,4.3,JCI,(218) 945-2080
HOSP00650,Community Hospital,2026 Lake Ave,,FL,74200,890,Psychiatric,1.4,DNV,(608) 232-9538
HOSP00651,Sunrise Medical,7240 Main St,Houston,PA,35216,80,Community,5.0,None,(731) 347-4871
HOSP00652,,5950 Oak Ave,Dallas,AZ,62224,339,Trauma Center,3.2,joint commission,(359) 465-2089
HOSP00653,Mercy Hospital,1463 Main St,Chicago,CA,,167,General,3.6,Joint Commission ,(868) 829-2638
HOSP00654,COMMUNITY HOSPITAL,7711 Park Ave,Dallas ,MA,96511,144,Rehabilitation,1.7,Joint Commission,(705) 514-7632
HOSP00655,Metro Medical Center,1147 Elm St,Houston,NY,82124,183,General,3.6,,(955) 292-9568
HOSP00656,Regional Medical Center,1171 Oak Ave,Phoenix,AZ,62523,383,Specialty,2.7,JCI,(619) 148-1565
HOSP00657,St. Mary Medical Center,7705 Elm Ave,Los Angeles,FL ,70747,312,Teaching,2.2,JCI,(755) 205-6874
HOSP00658,,8209 Main St,Dallas,PA,79027,1200,Community,4.8,,(553) 670-4903
HOSP00659,Sunrise Medical,2578 Hill St,Phoenix,PA,52757,283,Rehabilitation,3.2,joint commission ,(513) 550-5231
HOSP00660,Lakeside Health,9467 Hill Ave,,MI,76228,112,Rehabilitation,1.5,joint commission,(702) 944-6226
HOSP00661,Mercy Hospital ,3523 Lake St,Houston,VA,98378,1028,General,3.0,JCI,(880) 407-7347
HOSP00662,Metro Medical Center,9979 Main St,New York,,44398,566,Specialty,1.5,,(530) 528-6720
HOSP00663,MERCY HOSPITAL,9736 Main Ave,Houston,CA,18217,1105,,1.2,Joint Commission,(942) 110-4544
HOSP00664,Metro Medical Center,2903 Park Ave,Dallas,TX,37669,259,Trauma Center,4.9,JCI,(302) 853-1821
HOSP00665,Lakeside Health,5702 Oak St,Phoenix,IL,39263,834,Rehabilitation,2.1,DNV,(655) 166-3299
HOSP00666,Mercy Hospital,2894 Main St,New York,,23428,490,Teaching,3.0,DNV,(335) 182-9617
HOSP00667,Community Hospital,1972 Park St,,WA,31970,266,General,3.9,Joint Commission,(918) 301-6093
HOSP00668,Regional Medical Center,4137 Park Ave,Chicago ,IL,33436,934,Rehabilitation,4.8,joint commission,(614) 802-3142
HOSP00669,St. Mary Medical Center,1459 Park Ave,Dallas,AZ,74276,94,General,4.0,None,(451) 649-5022
HOSP00670,Mercy Hospital,6076 Main St,Dallas,TX,40631,112,,4.2,CARF,(909) 720-3147
HOSP00671,St. Mary Medical Center,1816 Oak Ave,Chicago,,42315,322,Community,2.2,CARF,(406) 657-8329
HOSP00672,City Health Clinic,969 Main St,Los Angeles,OH,74263,686,General,3.4,None,(613) 765-6030
HOSP00673,City Health Clinic,9661 Lake St,Houston,MA ,35592,650,Specialty,1.5,None,(833) 395-2403
HOSP00674,City Health Clinic,813 Lake Ave,New York,VA,86919,740,Teaching,1.1,Joint Commission,(710) 100-1313
HOSP00675,General Hospital,4697 Elm St,Dallas,WA,21741,831,Community,4.4,JCI,(775) 850-2409
HOSP00676,Lakeside Health ,7695 Oak St,Los Angeles,NY,62792,,Teaching,n/a,CARF,(693) 760-3744
HOSP00677,Mercy Hospital,6291 Oak St,Houston,NJ,63188,774,Specialty,3.6,,(426) 665-7796
HOSP00678,Sunrise Medical,2778 Park St,Houston,GA ,91593,134,Community,4.7,joint commission ,(571) 370-6931
HOSP00679,Regional Medical Center,2433 Elm Ave,Chicago,NY,51486,1154,Trauma Center,1.5,,(352) 294-9882
HOSP00680,Sunrise Medical,1297 Park St,Houston,VA,83643,476,Trauma Center,1.9, ,(559) 559-1503
HOSP00681,,8082 Lake Ave,Houston,CA,15535,93,Psychiatric,1.7,DNV,(208) 110-2383
HOSP00682,Metro Medical Center,7443 Oak St,Phoenix,AZ,55941,1014,Community,2.2,JCI,(685) 339-4045
HOSP00683,Regional Medical Center,4949 Park St,Los Angeles,NC,60583,382,General,4.9,CARF,(216) 378-6890
HOSP00684,Valley View Hospital,4401 Oak St,Phoenix,PA,49568,548,Specialty,3.2,None,(863) 991-4232
HOSP00685,General Hospital,4650 Oak Ave,New York,CA,16913,959,Teaching,4.4,DNV,(803) 781-1431
HOSP00686,Community Hospital,1138 Park Ave,,FL,11655,1045,Psychiatric,2.5,,(273) 221-1785
HOSP00687,St. Mary Medical Center,2202 Oak St,Chicago,,17269,125,Psychiatric,1.8,joint commission,(525) 229-1040
HOSP00688,Regional Medical Center,4700 Hill Ave,New York,CA,71870,393,Community,3.0,,(972) 616-9921
HOSP00689,Sunrise Medical,549 Hill Ave,Los Angeles,FL,88346,71,Rehabilitation,3.5,None,(472) 817-8430
HOSP00690,City Health Clinic,923 Park St,Houston,MA,88043,705,,4.4,joint commission,(607) 835-2210
HOSP00691,Sunrise Medical,1946 Oak St,Phoenix,OH,67578,567,Psychiatric,4.0,None,(525) 482-3706
HOSP00692,Community Hospital,7493 Oak Ave,Dallas,FL,41324,1147,Community,3.5,CARF,(242) 152-2053
HOSP00693,City Health Clinic,4718 Lake St,Phoenix ,NY,82777,703,,2.1,None,(707) 782-8048
HOSP00694,St. Mary Medical Center,3598 Hill Ave,New York,CA ,13669,914,Rehabilitation,2.4,JCI,(630) 505-3125
HOSP00695,,4969 Main St,Los Angeles,FL,18287,225,Community,2.8,None,(829) 572-8220
HOSP00696,Metro Medical Center,1965 Hill St,Los Angeles,MA,20329,1010,Specialty,2.5,,(312) 369-5558
HOSP00697,Community Hospital,2730 Park St,Los Angeles,TX,63520,1108,Rehabilitation,2.2,JCI,(996) 692-8919
HOSP00698,Metro Medical Center,262 Main Ave,New York,MI,66438,918,Community,3.2,CARF,(236) 313-8178
HOSP00699,Sunrise Medical,5298 Main St,Los Angeles,NY,27526,247,Rehabilitation,4.7,CARF,(609) 493-2780
HOSP00700,,384 Park Ave,Phoenix,GA,95745,1004,General,1.1,None,(251) 640-5963
HOSP00701,Metro Medical Center,7377 Elm St,Houston,PA,72329,466,Teaching,4.1,,(429) 840-9279
HOSP00702,Community Hospital,7704 Oak Ave,Phoenix,NJ,99516,842,Psychiatric,4.4,joint commission,(552) 321-3433
HOSP00703,General Hospital,340 Main Ave,Houston,PA,89119,205,Psychiatric,3.2,JCI,(998) 725-8483
HOSP00704,City Health Clinic,225 Oak Ave,Los Angeles,FL,10881,957,Trauma Center,4.9,JCI,(876) 548-9985
HOSP00705,Lakeside Health,3555 Oak St,Chicago ,OH,77169,574,Teaching,4.5, ,(697) 667-5156
HOSP00706,GENERAL HOSPITAL,6318 Lake Ave,Phoenix,NY,55894,161,Psychiatric,3.5,None,
HOSP00707,Lakeside Health,9947 Main St,New York,NY,,1134,General,,None,(745) 428-6115
HOSP00708,Community Hospital,6486 Park St,New York,MI,31898,629,,1.4,,(497) 270-1446
HOSP00709,Community Hospital,6161 Park Ave,New York ,MA,74238,,Teaching,1.8,DNV,(414) 800-7628
HOSP00710,Community Hospital,9359 Oak St,Chicago,WA,70342,80,Teaching,1.8,joint commission,(535) 396-6349
HOSP00711,Valley View Hospital,8266 Oak St,Houston,OH,26769,692,Trauma Center,4.3,JCI,(495) 456-6623
HOSP00712,Mercy Hospital ,1776 Lake Ave,Houston,WA,80598,411,Rehabilitation,1.8,JCI,(622) 234-4942
HOSP00713,City Health Clinic,1790 Main Ave,Los Angeles,TX,69635,780,Community,3.7,Joint Commission,(417) 228-6009
HOSP00714,Valley View Hospital,5621 Hill St,Dallas,WA ,92783,79,Trauma Center,1.2,,(595) 112-4460
HOSP00715,COMMUNITY HOSPITAL,3646 Hill St,Chicago,AZ,54848,442,Teaching,2.5,DNV,(649) 440-9327
HOSP00716,Sunrise Medical,3650 Park Ave,Phoenix,IL,26135,899,Psychiatric,3.7,,(629) 672-6078
HOSP00717,General Hospital,5158 Main St,Chicago,VA,74787,526,Community,2.5,,(253) 432-4422
HOSP00718,Regional Medical Center,8214 Hill St,Houston,NY,21831,673,Community,3.3,None,(936) 476-7403
HOSP00719,City Health Clinic,3424 Park St,Dallas,NC,,,,3.3,CARF,(420) 878-7758
HOSP00720,City Health Clinic,5878 Hill Ave,Dallas,OH,44041,864,Community,2.0,Joint Commission,(575) 389-6797
HOSP00721,City Health Clinic,732 Main St,Phoenix,PA,80644,445,Community,1.5,DNV,(811) 686-6699
HOSP00722,Regional Medical Center,2159 Oak Ave,New York,IL,87825,1000,Trauma Center,2.7,Joint Commission,(427) 396-1741
HOSP00723,Mercy Hospital,7702 Park St,New York,OH,80200,446,Rehabilitation,2.2,None,(944) 910-5774
HOSP00724,Regional Medical Center,9995 Main Ave,,VA,46405,811,Psychiatric,2.0,,(558) 209-8966
HOSP00725,Mercy Hospital,1821 Oak St,Dallas,GA,48740,788,Community,3.7,JCI,(451) 889-6698
HOSP00726,ST. MARY MEDICAL CENTER ,9513 Oak Ave,New York,TX,,231,Teaching,2.5,,(455) 747-8711
HOSP00727,Metro Medical Center,7891 Elm Ave,Houston,WA ,29202,611,Psychiatric,1.5,DNV,(741) 893-4894
HOSP00728,Community Hospital,2456 Park Ave,Houston,VA,31028,,Community,2.2,JCI,(398) 568-1357
HOSP00729,Mercy Hospital,7935 Main St,Houston,CA,,1013,Community,1.5,DNV,(876) 460-7618
HOSP00730,City Health Clinic,1943 Elm St,Los Angeles,NJ,75581,622,Community,4.9,None,(247) 980-6766
HOSP00731,St. Mary Medical Center,2908 Hill St,Houston,IL,45763,1116,Rehabilitation,3.2,,(468) 642-9029
HOSP00732,,8988 Hill Ave,Houston,,69547,521,Community,2.7,CARF,(239) 227-8013
HOSP00733,Regional Medical Center,8977 Park Ave,Dallas,CA,80005,658,Community,1.1,CARF,(451) 924-2967
HOSP00734,St. Mary Medical Center,2822 Oak Ave,Chicago,NJ,52592,457,Psychiatric,4.9,None,(509) 836-5721
HOSP00735,General Hospital,9289 Oak Ave,,MA,73486,65,Rehabilitation,2.0,None,(974) 248-7494
HOSP00736,Valley View Hospital,5197 Lake Ave,Los Angeles,MI,37593,,Trauma Center,2.1,Joint Commission,(323) 413-4699
HOSP00737,Sunrise Medical ,1127 Park St,Los Angeles,PA,27315,559,Teaching,2.2,Joint Commission,(301) 874-7280
HOSP00738,Mercy Hospital,1161 Elm St,Los Angeles,VA,35029,114,Community,1.6,CARF,(955) 839-2616
HOSP00739,Sunrise Medical,3253 Lake St,Houston,NY,41653,889,Specialty,4.0,joint commission,(693) 627-5055
HOSP00740,Regional Medical Center,7880 Lake St,Phoenix,FL,17388,625,,3.6,DNV,
HOSP00741,CITY HEALTH CLINIC ,2417 Oak Ave,Houston,NC,91691,559,Psychiatric,2.6,None,(783) 539-1609
HOSP00742,,75 Park St,Dallas,VA,38828,748,Specialty ,3.4,CARF,(997) 116-7450
HOSP00743,Regional Medical Center,238 Park St,,,22596,271,Specialty,4.2,Joint Commission,
HOSP00744,Mercy Hospital,7683 Park Ave,Phoenix,NC,90258,866,General,4.4,,(525) 304-4105
HOSP00745,Regional Medical Center,7280 Elm St,New York,WA,14593,287,Specialty ,1.4,,
HOSP00746,Sunrise Medical,8572 Main St,Houston,FL,76790,839,Teaching,1.4,,(204) 479-4510
HOSP00747,General Hospital,6293 Hill St,New York,NC,86636,1136,Specialty,3.3,,(793) 949-9077
HOSP00748,City Health Clinic,720 Elm St,,VA,66422,251,Psychiatric,4.6,None,(347) 462-9869
HOSP00749,Community Hospital,7150 Park St,Dallas,CA,71853,799,Teaching,3.0,Joint Commission,(881) 802-9330
HOSP00750,City Health Clinic,1464 Oak Ave,Phoenix,OH,88348,607,Specialty,2.7,Joint Commission,(638) 465-1542
HOSP00751,City Health Clinic,2698 Oak St,New York,IL,76757,344,Specialty,3.6,None,(949) 735-5991
HOSP00752,Metro Medical Center,497 Park Ave,,NY,80370,495,Specialty,1.2,None,(439) 246-3838
HOSP00753,Valley View Hospital,2612 Park Ave,New York,GA,79924,1014,Teaching,4.7,None,(271) 197-5921
HOSP00754,Sunrise Medical,8036 Elm Ave,Chicago,GA,91876,703,Trauma Center,,JCI,(660) 463-1198
HOSP00755,City Health Clinic,2193 Elm St,Houston,GA,39619,158,Rehabilitation,4.6,,(435) 899-9267
HOSP00756,Metro Medical Center,4791 Main Ave,New York,,92712,288,Psychiatric,2.2,,(391) 394-1068
HOSP00757,Mercy Hospital,5627 Hill St,New York,NY,55326,313,Specialty,4.3,CARF,(390) 412-7954
HOSP00758,Regional Medical Center,5442 Lake Ave,Chicago,FL,59857,699,General,4.8,Joint Commission,(258) 483-4848
HOSP00759,Mercy Hospital,6741 Lake St,Los Angeles,PA,82050,1080,Rehabilitation,1.3,None,(374) 474-6126
HOSP00760,Sunrise Medical,936 Hill St,Dallas,NC,73155,352,Rehabilitation,2.4,JCI,(675) 791-2258
HOSP00761,General Hospital,1797 Elm St,Dallas,AZ,28140,,Teaching,3.0,DNV,(820) 648-8527
HOSP00762,General Hospital,6713 Oak Ave,Phoenix,IL,,561,Psychiatric,1.2,CARF,(705) 320-7111
HOSP00763,Lakeside Health,4245 Park St,Houston,NC,42151,1165,Psychiatric,1.2,JCI,(789) 637-6965
HOSP00764,General Hospital,4351 Lake St,Dallas,CA,89540,888,Teaching,3.8,DNV,(935) 916-4689
HOSP00765,General Hospital,545 Main St,Chicago,IL,18122,1025,,1.8,,(637) 172-4965
HOSP00766,Regional Medical Center ,2889 Main Ave,Los Angeles ,PA,83787,1017,Community,4.6,CARF,(374) 461-9437
HOSP00767,Mercy Hospital,9356 Main Ave,Dallas,NC,31392,254,Community,2.4,joint commission,(750) 142-1741
HOSP00768,Valley View Hospital,5000 Oak Ave,Chicago,MA,69492,800,General,4.6,,(721) 264-1164
HOSP00769,Sunrise Medical,7389 Park St,Dallas,OH,71028,641,Teaching,4.7,CARF,(542) 246-9769
HOSP00770,Mercy Hospital,1020 Main Ave,Chicago,MA,67928,479,Trauma Center ,4.6,,(375) 699-1466
HOSP00771,Valley View Hospital,50 Park St,New York,TX,38379,219,Teaching,2.6,JCI,
HOSP00772,Valley View Hospital,3416 Main Ave,New York,GA,28556,920,Teaching,2.6,joint commission,(925) 845-1175
HOSP00773,Sunrise Medical,8785 Oak St,Phoenix,CA,25640,353,Rehabilitation,4.7,,(358) 761-5880
HOSP00774,General Hospital,6818 Elm St,Los Angeles,GA,82624,779,Rehabilitation,4.1,,(839) 101-1637
HOSP00775,Community Hospital,6906 Elm St,Phoenix,OH,17124,379,Teaching,2.3,Joint Commission,(617) 646-8342
HOSP00776,Metro Medical Center,1143 Oak St,Houston,NC,27915,265,Trauma Center,4.9,JCI,(572) 329-8198
HOSP00777,City Health Clinic,8554 Oak Ave,Dallas,GA,64102,1140,Community,3.0,DNV,
HOSP00778,,4694 Lake Ave,Chicago,PA,56161,545,Teaching,1.3,None,(771) 833-4832
HOSP00779,Valley View Hospital ,3634 Main St,Dallas,OH,91053,300,Trauma Center,1.4,,(657) 684-6679
HOSP00780,,6349 Main St,New York,,57948,438,General,,,(329) 774-9692
HOSP00781,ST. MARY MEDICAL CENTER,4672 Hill Ave,Chicago,MA,11749,940,Teaching ,2.6,None,(336) 373-4519
HOSP00782,Metro Medical Center,5414 Hill Ave,New York ,OH,38635,472,Specialty,3.3,DNV ,(396) 652-7631
HOSP00783,Lakeside Health,4587 Hill St,,NC,85318,943,Community,3.5,CARF,(366) 528-6989
HOSP00784,General Hospital,7508 Elm Ave,Dallas,NC,91238,236,Psychiatric,3.2,Joint Commission,(567) 724-5988
HOSP00785,Lakeside Health ,3623 Oak St,Los Angeles,GA,70647,885,,2.6,None,
HOSP00786,Valley View Hospital,9678 Lake Ave,New York,,94726,,Specialty ,2.1,,(966) 354-8431
HOSP00787,Sunrise Medical,9974 Hill Ave,,AZ,65337,1048,Specialty,3.5,CARF,(752) 434-1646
HOSP00788,Regional Medical Center,2915 Main St,Houston,IL ,98739,528,General,2.0,,(808) 321-1450
HOSP00789,Lakeside Health,5314 Hill Ave,Houston,OH,93992,421,Community,2.8,DNV,(992) 919-1628
HOSP00790,Community Hospital,4435 Oak St,,PA,60307,479,,2.7,,(727) 881-6811
HOSP00791,Lakeside Health,397 Oak Ave,Chicago,MA,17189,467,Specialty,4.8,CARF,(970) 563-2550
HOSP00792,Regional Medical Center,7151 Hill Ave,Dallas,IL,14184,211,Trauma Center,4.7,joint commission,(833) 128-1550
HOSP00793,Regional Medical Center,7805 Lake St,Dallas,,71901,964,General ,3.3,Joint Commission,(916) 245-6954
HOSP00794,Metro Medical Center,4824 Oak Ave,New York,NC,23201,100,Rehabilitation,4.8,,(455) 340-1049
HOSP00795,Community Hospital,1695 Park Ave,,GA,21431,615,Rehabilitation,1.5,joint commission,(234) 207-4549
HOSP00796,Sunrise Medical,4415 Lake Ave,Phoenix ,VA,32295,1061,,1.2,JCI,(693) 991-7263
HOSP00797,Sunrise Medical,6249 Hill St,Dallas,NC,96968,670,Teaching,3.8,CARF,(481) 428-3352
HOSP00798,Community Hospital,853 Lake St,Chicago,VA,26307,178,Specialty,2.5,CARF,(725) 150-2196
HOSP00799,Regional Medical Center,1030 Main Ave,Los Angeles,MA,60502,476,General,3.1,,(859) 853-3484
HOSP00800,Community Hospital,1843 Lake Ave,Houston,IL,21828,224,General,1.8,,(893) 131-6627
HOSP00801,,2422 Lake Ave,Dallas,IL ,22175,1157,,2.6,,(942) 160-1280
HOSP00802,Community Hospital,1939 Hill St,New York,MI,13359,477,Trauma Center,3.1,CARF,(344) 610-5028
HOSP00803,Mercy Hospital,9064 Lake Ave,Chicago,MA,10393,273,Community,4.2,,(760) 158-6010
HOSP00804,Community Hospital,8261 Park Ave,Houston,VA,86561,965,Rehabilitation,4.1,DNV,(806) 364-8362
HOSP00805,Metro Medical Center,5867 Main Ave,Los Angeles,,81462,897,Trauma Center,1.4,JCI,(693) 719-7489
HOSP00806,Sunrise Medical,4788 Elm Ave,,IL,10234,697,General,3.1,,(242) 854-7283
HOSP00807,Community Hospital,8312 Oak Ave,Phoenix,WA,62093,1104,Specialty,3.4,joint commission,(455) 941-5700
HOSP00808,Regional Medical Center,4156 Lake St,Houston ,FL,66866,112,,3.3,DNV,(271) 692-3064
HOSP00809,Valley View Hospital,8771 Hill Ave,Phoenix,PA,,835,Trauma Center,2.9,DNV,(521) 274-5220
HOSP00810,City Health Clinic,9917 Hill St,,WA,63760,643,Psychiatric,2.1,joint commission,(856) 995-6689
HOSP00811,Regional Medical Center,1081 Lake St,Los Angeles,NJ,41717,,Trauma Center,1.2,None,(990) 459-4615
HOSP00812,Community Hospital,3941 Oak Ave,Los Angeles,PA,65887,280,Psychiatric,2.7,None,(322) 555-6828
HOSP00813,City Health Clinic,2622 Main Ave,Chicago,GA,64122,168,Trauma Center,2.7,,(963) 996-3556
HOSP00814,Community Hospital,6444 Hill St,Los Angeles,NY,32503,926,Teaching,2.1,joint commission,(393) 813-6159
HOSP00815,Valley View Hospital,7234 Main St,,,75409,397,General,3.7,None,(746) 169-6896
HOSP00816,Metro Medical Center,7768 Park St,Houston,,62046,1053,Community,4.2,DNV,(286) 648-4119
HOSP00817,General Hospital,4402 Main St,New York,MA,12210,873,General,1.0,,(510) 636-6904
HOSP00818,,2674 Lake St,Phoenix,PA,82538,500,Specialty,2.9,joint commission,(990) 861-2058
HOSP00819,Valley View Hospital,2567 Lake St,Houston,WA,64642,406,Teaching,4.6,joint commission,(417) 689-8676
HOSP00820,City Health Clinic,914 Lake Ave,New York,IL,63345,997,Rehabilitation,1.1,None,(687) 583-3611
HOSP00821,Sunrise Medical,278 Park Ave,Los Angeles,TX,95830,563,Specialty,2.2,DNV,(749) 588-2209
HOSP00822,Regional Medical Center ,8580 Oak Ave,Houston,NJ,67259,198,Rehabilitation,1.2,None,(886) 403-1076
HOSP00823,Metro Medical Center,1126 Park St,Chicago,NY,76535,,Specialty,3.7,,(559) 191-4967
HOSP00824,Mercy Hospital,7834 Park St,New York,NC,35483,911,Specialty,1.1,JCI,(585) 835-3647
HOSP00825,Regional Medical Center,8426 Oak St,Dallas,IL,35435,55,General,4.3,None,(646) 883-5014
HOSP00826,St. Mary Medical Center,3232 Hill St,Los Angeles,VA,10414,469,Psychiatric,1.6,DNV,(595) 742-4667
HOSP00827,Metro Medical Center,7063 Park St,Dallas,GA,50020,204,Rehabilitation,N/A,Joint Commission ,(248) 203-1164
HOSP00828,Sunrise Medical,5333 Elm Ave,Los Angeles,NJ,68702,162,Psychiatric,3.7, ,(461) 461-9694
HOSP00829,Valley View Hospital,4906 Elm St,Phoenix,NC,12856,990,Community ,4.7,DNV,(623) 891-5443
HOSP00830,Metro Medical Center ,5261 Park Ave,Houston,VA,63646,588,General,2.6,Joint Commission,(400) 595-7747
HOSP00831,City Health Clinic,8676 Elm St,Phoenix,MA,62916,677,Specialty,3.6,,(228) 824-6684
HOSP00832,Lakeside Health,1081 Oak Ave,Chicago,NJ,24875,1023,Community,2.7,joint commission,(288) 302-6831
HOSP00833,Mercy Hospital,5462 Lake Ave,Los Angeles,MA,43799,1182,Trauma Center,1.5,None,(312) 759-2135
HOSP00834,Lakeside Health,6981 Hill St,,FL,17592,301,Psychiatric,2.8,None,(428) 899-4192
HOSP00835,General Hospital,9795 Main Ave,New York,CA,38228,812,Specialty,1.5,JCI,(570) 860-1624
HOSP00836,,641 Park St,Dallas,OH,22453,335,General,4.8,joint commission,(351) 830-1988
HOSP00837,City Health Clinic,1967 Park Ave,Phoenix,IL,56099,1092,Teaching,2.1,DNV,(639) 702-1275
HOSP00838,Valley View Hospital,5590 Main Ave,Houston,,53616,,Psychiatric,3.6,DNV,(841) 806-3517
HOSP00839,Mercy Hospital,5210 Oak Ave,New York,NC,20100,807,Community,n/a,JCI,(808) 452-5909
HOSP00840,Metro Medical Center,8897 Oak St,Chicago,OH,74550,897,Psychiatric,4.0,joint commission,(554) 847-7900
HOSP00841,REGIONAL MEDICAL CENTER,3803 Hill St,New York,TX,51434,378,Trauma Center,2.2,joint commission,(472) 584-2720
HOSP00842,Valley View Hospital,4734 Oak Ave,Dallas,NC,28510,1062,Rehabilitation,1.6,JCI,(850) 642-3449
HOSP00843,Mercy Hospital,4510 Oak St,Houston,VA,23365,521,Psychiatric,1.3,JCI,(535) 592-8873
HOSP00844,Valley View Hospital,9483 Hill St,,VA,25720,1014,Community,1.2,CARF,(280) 228-5101
HOSP00845,St. Mary Medical Center ,6184 Elm Ave,Houston,PA,47543,738,Rehabilitation,3.1,joint commission,(382) 375-6769
HOSP00846,Community Hospital,9705 Elm Ave,Dallas,FL,61056,266,Trauma Center,1.1,,(527) 129-5890
HOSP00847,Lakeside Health,9121 Lake St,Chicago,GA,11317,709,Rehabilitation,1.1,DNV,(863) 693-8217
HOSP00848,Sunrise Medical,2128 Hill St,New York,NY,99837,876,Rehabilitation,4.3,,(516) 374-1092
HOSP00849,Mercy Hospital,5187 Lake St,Los Angeles,VA ,82213,434,General,2.4,,(788) 737-7139
HOSP00850,Sunrise Medical,3449 Main Ave,Los Angeles,VA,77127,897,General,2.2,CARF,(454) 889-4283
HOSP00851,General Hospital,1498 Oak Ave,Houston,MA,29622,886,Specialty,4.2,joint commission,(450) 164-9090
HOSP00852,Mercy Hospital,7520 Hill Ave,New York,WA,31515,571,Trauma Center,1.7,,(675) 281-2555
HOSP00853,Metro Medical Center,5336 Lake Ave,Phoenix,CA,11637,416,Rehabilitation,3.5,,
HOSP00854,St. Mary Medical Center,140 Lake St,Chicago,OH,97616,1101,,4.7,joint commission,(543) 558-2803
HOSP00855,,6617 Hill St,Chicago,NC,65245,227,Community,3.6,DNV,(639) 686-7592
HOSP00856,Mercy Hospital,3158 Elm Ave,New York,OH,79106,536,Trauma Center,N/A,Joint Commission,
HOSP00857,City Health Clinic,1050 Oak Ave,Dallas,PA,75455,193,Trauma Center,2.4,JCI,(564) 922-8206
HOSP00858,Lakeside Health,4720 Elm St,Dallas ,IL,46160,1146,Specialty,1.9,joint commission,
HOSP00859,Metro Medical Center,6600 Main St,Los Angeles,,51873,449,Psychiatric,3.7,CARF,(785) 963-5967
HOSP00860,,516 Hill Ave,Dallas,AZ,12649,1023,Trauma Center,4.8,CARF,(574) 460-2341
HOSP00861,Lakeside Health,5756 Elm St,New York,OH,99563,731,Teaching,4.6,CARF,(501) 535-6190
HOSP00862,,2163 Elm Ave,Los Angeles,IL,81084,555,,1.4,,(259) 297-7345
HOSP00863,General Hospital,7739 Elm St,Los Angeles,NJ,18242,396,General,2.2,None,(702) 264-8333
HOSP00864,Metro Medical Center,1384 Lake Ave,Chicago,CA ,85482,244,General,2.1,Joint Commission,(738) 934-7001
HOSP00865,Metro Medical Center,9919 Park St,Los Angeles,IL,17082,1009,Rehabilitation,1.9,,(688) 256-8951
HOSP00866,LAKESIDE HEALTH,2774 Park Ave,Dallas,IL,65153,1057,Community,2.3,joint commission,(560) 124-1757
HOSP00867,Mercy Hospital,7504 Elm St,Phoenix,CA,12315,1163,Community,3.0,joint commission,(905) 990-4613
HOSP00868,Lakeside Health,715 Main St,Dallas,WA,18052,1027,Rehabilitation,3.2,DNV,(484) 990-6924
HOSP00869,City Health Clinic,5752 Lake St,Dallas,,16673,867,Psychiatric,1.7,DNV,(848) 594-4758
HOSP00870,,2430 Lake St,New York,MA,88686,,Psychiatric,2.3,None,(525) 829-3692
HOSP00871,Valley View Hospital,6461 Lake St,Dallas,TX,10135,467,Trauma Center,4.4,JCI,(877) 897-1538
HOSP00872,Regional Medical Center,4461 Oak Ave,Houston,OH,56448,1170,Specialty,1.1,CARF,(409) 944-4877
HOSP00873,Regional Medical Center,1923 Lake Ave,Los Angeles,OH,14835,67,,3.3,CARF,(356) 696-1169
HOSP00874,Metro Medical Center,988 Lake St,Houston,NY,75164,805,Specialty,3.0,,(529) 449-1430
HOSP00875,City Health Clinic,7141 Hill Ave,Dallas,PA,11775,1145,,1.2,None,(738) 925-3464
HOSP00876,General Hospital,2127 Hill St,,NC,41969,528,,1.5,JCI,(236) 507-4316
HOSP00877,Metro Medical Center,3582 Park Ave,Chicago,NJ,33388,250,,2.8,joint commission ,(924) 192-3297
HOSP00878,Valley View Hospital,1583 Main Ave,,GA,70749,320,Rehabilitation,N/A,joint commission,(259) 645-9624
HOSP00879,Valley View Hospital,1257 Hill Ave,New York,NC,41560,1191,General,2.3,joint commission,(664) 415-5295
HOSP00880,Community Hospital,5338 Lake Ave,Phoenix,NJ,48529,617,Community,3.1,None,(375) 752-8200
HOSP00881,General Hospital,7671 Park Ave,Dallas,MA,64967,936,Rehabilitation,3.3,Joint Commission,(762) 343-8093
HOSP00882,Lakeside Health,8352 Elm St,New York,IL,10629,360,General,2.1,CARF,(345) 758-7807
HOSP00883,City Health Clinic,9107 Park Ave,Houston,CA,72925,358,Teaching,4.3,JCI,(850) 699-8858
HOSP00884,Mercy Hospital,2739 Lake Ave,Dallas ,OH,70662,286,Trauma Center,3.1,JCI,(946) 440-5849
HOSP00885,General Hospital,2648 Hill Ave,New York,NC,78102,786,Psychiatric,3.0,,
HOSP00886,Valley View Hospital,7554 Lake Ave,New York,IL,99410,617,Teaching,2.1,Joint Commission,(783) 880-5405
HOSP00887,Lakeside Health,2458 Lake St,Dallas,OH,51629,1055,Trauma Center,2.5,None,(755) 580-5382
HOSP00888,Regional Medical Center,7232 Hill St,Dallas,FL,42057,626,,3.1,joint commission,(265) 964-1461
HOSP00889,Valley View Hospital,3400 Park St,Phoenix,GA,77989,760,Community,2.5,,(692) 511-1643
HOSP00890,Regional Medical Center,7571 Elm Ave,,TX,19952,845,General,3.3,Joint Commission,(569) 528-7689
HOSP00891,Metro Medical Center,2732 Oak Ave,Phoenix,CA,26594,463,Psychiatric,4.3,DNV,(828) 315-4850
HOSP00892,Community Hospital,6119 Hill Ave,Chicago ,,35861,311,Teaching,1.4,CARF,(293) 245-4686
HOSP00893,City Health Clinic,3200 Elm Ave,Phoenix,CA,38848,688,General,3.0,Joint Commission ,(735) 484-6266
HOSP00894,General Hospital,9998 Park Ave,,CA,88332,773,Teaching ,3.1,DNV,(848) 869-1180
HOSP00895,General Hospital,3306 Elm Ave,Dallas,VA,94468,365,Psychiatric,4.2,Joint Commission,(859) 320-9451
HOSP00896,General Hospital,8028 Park St,Los Angeles,FL,53052,608,Trauma Center,2.1,JCI,(878) 934-9366
HOSP00897,City Health Clinic,4048 Oak Ave,Los Angeles,NJ,30360,818,Psychiatric,4.9,,(781) 238-5121
HOSP00898,Sunrise Medical,3615 Oak St,Chicago,FL,77712,253,General,1.6,DNV,(244) 421-5621
HOSP00899,St. Mary Medical Center,3379 Lake Ave,Houston,IL,43976,197,Trauma Center,1.2,DNV,(700) 916-5753
HOSP00900,General Hospital,1320 Lake St,New York,,51906,583,Rehabilitation,4.0,CARF,(366) 896-4790
HOSP00901,City Health Clinic,6734 Park St,Phoenix,CA,63960,743,Rehabilitation,3.8,CARF,(806) 416-5765
HOSP00902,City Health Clinic,6023 Oak Ave,Los Angeles,PA,78986,229,Psychiatric,4.4,CARF,(207) 783-1586
HOSP00903,Lakeside Health,8516 Lake Ave,New York,NC,76294,1116,Trauma Center,5.0,,(871) 914-9675
HOSP00904,Metro Medical Center,4817 Oak St,Houston,MI,34987,839,Teaching,2.5,,(399) 657-2806
HOSP00905,Sunrise Medical,6500 Lake St,Los Angeles,GA,29945,,Specialty,1.2,joint commission,(886) 476-3861
HOSP00906,Metro Medical Center,4589 Hill St,Chicago,GA,98245,828,Psychiatric,4.1,,(860) 217-1383
HOSP00907,General Hospital,4726 Lake St,Houston,OH,34386,615,,1.5,CARF,(572) 471-1082
HOSP00908,Valley View Hospital ,4176 Oak St,New York,MI,40167,720,Rehabilitation,1.1,None,(981) 237-8900
HOSP00909,City Health Clinic,403 Elm St,New York,NY,94208,573,Psychiatric ,3.8,,(955) 402-1463
HOSP00910,City Health Clinic,6642 Main Ave,Dallas,GA,66358,187,,4.8,joint commission,(653) 370-7865
HOSP00911,Sunrise Medical,6216 Park Ave,,NC,28551,,Community,4.6,DNV,(603) 460-9531
HOSP00912,Regional Medical Center,6505 Park Ave,Los Angeles,MI,73378,,,1.2,None,(453) 187-1567
HOSP00913,Regional Medical Center,9316 Elm St,Phoenix,TX,64174,791,Trauma Center,2.5,CARF,(571) 289-1059
HOSP00914,Regional Medical Center,4068 Park St,Chicago,TX,30222,794,Community,N/A,joint commission ,(903) 955-8511
HOSP00915,Regional Medical Center,9477 Lake Ave,Chicago,WA,18456,744,Community,3.4,joint commission,(928) 280-1232
HOSP00916,Mercy Hospital,552 Lake Ave,New York,PA,23565,755,Psychiatric,4.7,JCI,(863) 110-8086
HOSP00917,Community Hospital ,9681 Main St,New York,AZ,70508,1159,Psychiatric,,Joint Commission,(592) 575-7603
HOSP00918,,4921 Hill Ave,Dallas,AZ,34497,670,Teaching,1.5,CARF,(754) 567-7947
HOSP00919,Lakeside Health,450 Main Ave,Phoenix,WA,51445,,Rehabilitation,2.8,CARF,(702) 412-8041
HOSP00920,General Hospital ,7727 Park Ave,Houston,NJ,81400,188,,1.4,None,(497) 442-2748
HOSP00921,City Health Clinic,7002 Hill Ave,,,61257,710,Trauma Center,4.8,CARF,(783) 983-9144
HOSP00922,Mercy Hospital,6597 Elm Ave,New York,PA,87889,1096,Psychiatric,4.2,JCI,(863) 383-4148
HOSP00923,Lakeside Health,3534 Lake Ave,Chicago,PA ,75798,112,Specialty,1.2,None,(899) 213-8666
HOSP00924,Regional Medical Center,5258 Main St,Chicago,CA,20819,201,,2.8,,(868) 696-9851
HOSP00925,Community Hospital,9733 Lake Ave,Dallas,VA,37918,1140,Community,1.2,JCI,(386) 890-1841
HOSP00926,Metro Medical Center,8071 Oak Ave,Houston,NC,11026,926,Rehabilitation,1.2,joint commission,(929) 582-9762
HOSP00927,Lakeside Health,9214 Oak Ave,Dallas,IL,43368,876,Teaching,1.3,CARF,(449) 148-9018
HOSP00928,Regional Medical Center,9899 Lake St,New York,FL,67044,937,Trauma Center,4.5,JCI,(747) 737-7610
HOSP00929,Regional Medical Center,2392 Elm Ave,Houston,MA,65737,779,,3.9,joint commission,(610) 731-1252
HOSP00930,Mercy Hospital,512 Main Ave,Dallas,AZ,97453,786,Psychiatric,3.4,,(644) 343-4322
HOSP00931,City Health Clinic,6763 Lake St,Phoenix,NJ,72997,1158,Psychiatric,4.8,DNV,(407) 746-1058
HOSP00932,Metro Medical Center,7996 Hill Ave,Chicago,WA,43921,876,Trauma Center,3.0,CARF,(406) 645-1206
HOSP00933,Regional Medical Center,587 Oak Ave,Houston,PA,31040,170,General,4.9,DNV,(908) 556-5044
HOSP00934,St. Mary Medical Center,7178 Oak St,Los Angeles,WA,81788,351,Community,4.6,CARF,(468) 753-3096
HOSP00935,,5743 Park Ave,New York,OH,87908,781,Psychiatric,4.3,Joint Commission,(848) 374-2619
HOSP00936,General Hospital,4364 Hill Ave,Los Angeles,GA,21428,724,General,2.0,,(857) 152-1931
HOSP00937,St. Mary Medical Center,521 Oak Ave,Chicago,FL,73470,1019,Psychiatric,4.8,DNV,(367) 312-9991
HOSP00938,Sunrise Medical,2087 Main St,Chicago,CA,62170,106,Rehabilitation,3.6,DNV,(489) 350-9991
HOSP00939,Lakeside Health,7072 Main St,Los Angeles,MA,30047,887,Trauma Center,2.4,Joint Commission,(215) 292-5747
HOSP00940,St. Mary Medical Center,5789 Lake St,Chicago,,,308,Teaching,4.6,,(906) 259-9895
HOSP00941,General Hospital,6595 Main Ave,New York,NC,81503,1032,Specialty,1.2,CARF,(255) 120-4998
HOSP00942,Metro Medical Center,6521 Main St,New York,FL,43354,332,Trauma Center,1.2,joint commission,(463) 108-5020
HOSP00943,Mercy Hospital,4596 Hill St,Houston,WA,72009,771,Rehabilitation,1.4,,(471) 401-6531
HOSP00944,Sunrise Medical,6450 Park St,Phoenix ,NY,20612,1154,Community,4.9,,(922) 733-1540
HOSP00945,City Health Clinic,5227 Hill Ave,Phoenix,AZ,56532,1060,Rehabilitation,1.1,JCI,(665) 468-3575
HOSP00946,Lakeside Health,6080 Elm Ave,,FL,27369,309,Psychiatric,1.0,,(848) 580-3084
HOSP00947,Valley View Hospital,8448 Park Ave,Houston,AZ,41334,995,General,3.1,,(657) 378-9015
HOSP00948,Mercy Hospital,6357 Lake Ave,Houston,,22663,380,Trauma Center,2.6,DNV,(465) 718-7134
HOSP00949,St. Mary Medical Center,9921 Hill Ave,Los Angeles,IL,92404,306,Specialty ,1.4,JCI,(537) 596-4877
HOSP00950,Metro Medical Center,5421 Main Ave,Phoenix,MI,51892,227,Rehabilitation,4.1,joint commission,(452) 898-9754
HOSP00951,Lakeside Health,6860 Park Ave,Chicago,NY,95069,279,,4.9,joint commission,(447) 193-5142
HOSP00952,Sunrise Medical,3568 Lake St,,WA,61129,507,Trauma Center,3.0,,(964) 708-4587
HOSP00953,City Health Clinic,5587 Lake St,Dallas,WA,65191,299,Psychiatric,1.8,DNV,(940) 115-2135
HOSP00954,Community Hospital,3456 Lake St,,TX,91584,130,General,2.6,Joint Commission,(440) 262-8930
HOSP00955,,8761 Lake St,Houston,FL,67141,954,,,,(803) 348-2586
HOSP00956,Lakeside Health,5859 Lake St,Houston,PA,91274,513,Specialty,1.7,CARF,(541) 300-6702
HOSP00957,,6164 Main Ave,Los Angeles,PA,57251,811,Psychiatric,3.7,CARF,(633) 295-8465
HOSP00958,Valley View Hospital,5135 Elm Ave,Los Angeles,PA,20346,169,Psychiatric,1.3,,(277) 506-3894
HOSP00959,St. Mary Medical Center,9928 Lake St,Houston,NJ ,48746,967,Community,3.7,Joint Commission,(420) 470-9413
HOSP00960,Metro Medical Center,5855 Park St,Chicago,NJ,48804,413,Specialty,1.3,,(909) 583-4426
HOSP00961,Community Hospital,2039 Oak Ave,Los Angeles,FL,79546,922,Trauma Center,,CARF,(720) 386-2314
HOSP00962,Mercy Hospital,7658 Elm St,Phoenix,GA,81151,164,Psychiatric,4.0,,(738) 660-1542
HOSP00963,St. Mary Medical Center,3708 Main Ave,Chicago,VA,74588,763,Community,4.6,,
HOSP00964,Regional Medical Center,2039 Park Ave,Houston,TX,83060,286,Teaching,4.6,Joint Commission,(986) 475-5535
HOSP00965,General Hospital,3024 Elm Ave,New York,VA,77517,1174,Psychiatric,4.5,None,(659) 455-3227
HOSP00966,Community Hospital,6987 Elm Ave,Houston,AZ,26700,641,Rehabilitation,3.7,,(492) 438-7156
HOSP00967,Community Hospital,3786 Oak Ave,Houston,AZ,16900,,Specialty,1.8,DNV,(977) 467-7393
HOSP00968,General Hospital,421 Lake St,Phoenix ,PA,33717,690,Teaching,3.9,JCI,(608) 365-3081
HOSP00969,,5733 Lake St,,CA,18224,257,Teaching,4.8,CARF,(778) 244-9398
HOSP00970,Regional Medical Center,3714 Hill Ave,Los Angeles,VA,13280,604,Psychiatric,1.9,Joint Commission,(978) 234-3661
HOSP00971,Mercy Hospital,844 Lake St,Dallas,GA,93888,990,Teaching,4.5,Joint Commission ,(298) 694-7001
HOSP00972,Lakeside Health,9819 Oak St,Phoenix,MI,19534,500,Specialty,2.3,joint commission,(804) 918-8929
HOSP00973,Lakeside Health,2248 Elm St,Phoenix ,FL,45258,249,Community,2.4,,(872) 538-6230
HOSP00974,City Health Clinic,2744 Oak Ave,Phoenix,WA,62794,662,Community,2.9,,(954) 162-6272
HOSP00975,Sunrise Medical,3400 Main St,New York,WA,53094,67,Trauma Center,1.4,DNV,(460) 385-7072
HOSP00976,General Hospital ,4047 Elm Ave,Phoenix,PA,28561,848,Trauma Center,2.3,DNV,(574) 132-1272
HOSP00977,Valley View Hospital,7232 Park St,Phoenix,PA ,49909,1194,Rehabilitation,1.9,joint commission,(587) 795-6832
HOSP00978,VALLEY VIEW HOSPITAL,4290 Hill Ave,Los Angeles,VA,18515,496,Community,1.2,,(249) 907-7303
HOSP00979,St. Mary Medical Center,895 Elm St,Houston,CA,15045,538,Specialty,4.6,CARF,(897) 654-3136
HOSP00980,COMMUNITY HOSPITAL,3781 Park St,Dallas,MI,63939,374,Rehabilitation,2.3,DNV,(994) 917-8210
HOSP00981,Metro Medical Center,8874 Main Ave,Los Angeles,NC,95580,790,Teaching,1.1,joint commission,(494) 386-1550
HOSP00982,Metro Medical Center,9827 Elm Ave,New York ,FL,,728,General,3.3,,(821) 554-4975
HOSP00983,Sunrise Medical,8071 Park Ave,Houston,TX,76577,139,Community,1.7,,(516) 818-4074
HOSP00984,Sunrise Medical,4472 Oak Ave,Los Angeles,MA,79656,248,Teaching ,4.6,JCI,(693) 142-2551
HOSP00985,Community Hospital ,375 Lake Ave,Chicago,PA ,62372,971,General,3.8, ,(369) 207-4512
HOSP00986,General Hospital,3839 Lake St,Chicago,AZ,32831,606,Psychiatric,1.8,None,(243) 751-2617
HOSP00987,VALLEY VIEW HOSPITAL,9261 Hill Ave,Phoenix,CA,58205,820,Rehabilitation,2.6,,(541) 106-5957
HOSP00988,Community Hospital,2610 Hill St,Los Angeles,NJ,,1174,Specialty,3.0,None,(434) 231-6627
HOSP00989,Valley View Hospital,4185 Lake Ave,New York ,AZ,44471,1142,General,3.4,joint commission,(998) 601-5349
HOSP00990,General Hospital,8722 Main St,,VA,53476,951,Community,,Joint Commission,(201) 796-9047
HOSP00991,Community Hospital,280 Elm Ave,Los Angeles,MI,70569,858,Teaching,3.8,joint commission,(758) 436-8068
HOSP00992,Regional Medical Center,4233 Oak Ave,Phoenix ,AZ,91060,289,Psychiatric ,4.7,Joint Commission,(537) 810-9492
HOSP00993,Mercy Hospital,5900 Elm Ave,,WA,65555,617,Teaching,1.6,joint commission,(555) 503-3304
HOSP00994,Valley View Hospital,3986 Elm St,Houston,FL,52272,57,General,2.7,,(549) 255-3051
HOSP00995,Lakeside Health,8346 Park St,Chicago,PA,47502,,Teaching,2.5,,(804) 115-8153
HOSP00996,Regional Medical Center,5860 Park St,Los Angeles,PA,87632,224,Psychiatric,3.2,JCI,(322) 544-9470
HOSP00997,Valley View Hospital,7357 Park Ave,New York,VA,22314,203,Rehabilitation,N/A,JCI,(285) 163-2113
HOSP00998,Sunrise Medical,4105 Lake St,New York,NJ,43437,325,Community,3.5,Joint Commission,(542) 833-6808
HOSP00999,Mercy Hospital,8231 Hill St,New York,CA,76938,241,,3.1,CARF,(772) 172-1065
HOSP01000,Metro Medical Center,9516 Park Ave,Dallas,IL,63262,712,Specialty,2.6,CARF,(879) 363-5957
